艾叶,120.0,香附,240.0,吴茱萸,80.0,肉桂,20.0,当归,120.0,川芎,80.0,白芍,80.0,地黄,40.0,黄芪,80.0,续断,60.0
南香附子,500.0,酒浸,125.0,醋浸,125.0,盐汤浸,125.0,童便浸,125.0,日焙干,1.0,北艾叶,62.5,研烂,260.5,筛去灰,1.0,醋浸,62.5,当归,62.5,川芎,62.5,白芍,62.5,熟地,62.5
艾叶,93.75,香附,187.5,用醋,2500.0,以瓦罐煮,1.0,昼夜,1.0,捣烂为饼,60.0,吴茱萸,62.5,大川芎,62.5,白芍,62.5,黄芪,62.5,花椒,93.75,续断,46.875,生地,31.25,肉桂,15.625
当归身,27.404286858974363,川芎,1.5,艾叶,1.5,阿胶,1.5,甘草,1.5,黄柏,1.5,知母,1.5,白芍,2.4,姜汁炒黄连,2.4,生地,3.0,黄芩,3.0,香附,3.0
香附,96.0,鹿茸,24.0,阿胶,24.0,紫河车,20.0,白芍,16.0,当归,16.0,牛膝,14.0,川牛膝,14.0,北沙参,12.0,没药,12.0,天冬,11.5,破故子,11.0,桂圆肉,10.0,茯苓,8.0,黄柏,8.0,龟板,8.0,锁阳,8.0,杜仲,8.0,秦艽,8.0,鳖甲,8.0,艾叶,8.0,白薇,8.0,元胡,8.0,山萸肉,8.0,鹿尾,7.5,枸杞子,6.0,鸡冠花,6.0,黄芪,6.0,乳香,6.0,赤石脂,6.0,鹿角胶,6.0,菟丝子,4.0,肉苁蓉,6.0,鸡血藤,4.0,桑寄生,4.0,琥珀,4.0,甘草,4.0,人参,2.0,乌药,3.0,丝棉,2.0,血余炭,2.0,白术,24.0,西红花,0.8,地黄,16.0,砂仁,24.0,沉香,13.0,酸枣仁,16.0,续断,10.0,陈皮,14.0,橘红,8.0,川芎,12.0,泽泻,8.0,黄芩,10.0,青蒿,6.0,远志,8.0,肉豆蔻,6.0,藁本,6.0,红花,4.0,柴胡,6.0,木香,2.0,苏叶,5.0,熟地,16.0,丹参,2.0
桑寄生,500.0,青毛鹿茸,3000.0,乳香,750.0,血余炭,250.0,艾炭,1000.0,紫河车,30231.41759708738,蚕绵炭,250.0,熟地,2000.0,杜仲,1000.0,茯苓,1000.0,桂圆肉,1250.0,鸡血藤,500.0,香附,12000.0,山萸肉,1000.0,鹿角胶,750.0,锁阳,1000.0,鳖甲,1000.0,酸枣仁,2000.0,白薇,1000.0,琥珀,500.0,元胡,1000.0,白芍,2000.0,甘草,500.0,鸡冠花,750.0,枸杞子,750.0,没药,1500.0,人参,250.0,乌药,375.0,牛膝,1750.0,破故子,1375.0,当归,2000.0,黄柏,1000.0,阿胶,3000.0,天冬,1437.5,藏红花,100.0,黄芪,750.0,菟丝子,500.0,龟板,1000.0,秦艽,1000.0,川牛膝,1750.0,肉苁蓉,750.0,鹿尾,156.25,北沙参,1500.0,用黄酒,59687.5,续断,1250.0,川芎,1500.0,沉香,1625.0,泽泻,1000.0,丹参,250.0,黄芩,1250.0,赤石脂,750.0,白术,1500.0,木香,750.0,生地,2000.0,苏叶,625.0,柴胡,750.0,陈皮,1750.0,肉豆蔻,750.0,白术,3000.0,青蒿,750.0,橘红,1000.0,远志,1000.0,藁本,750.0,砂仁,3000.0,红花,500.0,铺槽揽匀,1.0
熟地,80.0,地黄,80.0,白芍,80.0,当归,80.0,川芎,80.0,人参,40.0,白术,80.0,茯苓,80.0,甘草,40.0,益母草,40.0,黄芩,80.0,牛膝,40.0,橘红,80.0,沉香,40.0,木香,16.0,砂仁,40.0,琥珀,40.0
熟地,80.0,地黄,80.0,白芍,80.0,当归,80.0,川芎,80.0,人参,40.0,白术,80.0,茯苓,80.0,甘草,40.0,益母草,40.0,黄芩,80.0,牛膝,40.0,橘红,80.0,沉香,40.0,木香,16.0,砂仁,40.0,琥珀,40.0
人参,9.375,茯苓,9.375,当归,9.375,白芍,9.375,小茴香,9.375,熟地,9.375,白术,12.5,川芎,12.5,甘草,3.125,柴胡,3.125,香附,3.125
益母草,6385.343813259109,日俱可采,1.0,阴干,50.46875,折去下半截,30.0,用上半截,1.0,连穗叶,1.0,石臼杵捣,250.0,人参,31.25,白术,31.25,茯苓,31.25,甘草,1.5625,当归身,62.5,川芎,1.5625,熟地,62.5,白芍,31.25,角沉香,12.5
当归,10987.001312767188,川芎,1634.998533820059,白芍,1669.2705578573068,怀熟地,68.1796875,人参,238.61331706462494,白术,581.2030526011905,茯苓,1224.6993028423487,甘草,354.23781785240715,香附,193.26728386303444,盐,377.4503941441442,醋,818.49375,酒,1026.7083333333333,阿胶,49.684451410658305,益母膏,680.725
益母草,500.0,人参,31.25,怀熟地,125.0,茯苓,93.75,当归身,125.0,川芎,62.5,广木香,31.25,砂仁,62.5,生甘草,62.5,白术,125.0,白芍,62.5
人参,4000.0,鹿角胶,4000.0,牡蛎,1500.0,白芍,4000.0,当归,4500.0,甘草,1000.0,鹿角霜,1500.0,鳖甲,2000.0,丹参,4000.0,香附,4000.0,天冬,2000.0,桑螵蛸,1500.0,熟地,8000.0,乌鸡,640.0,14,9.375,味均下罐,1.0,用绍酒,42000.0,生地,8000.0,川芎,2000.0,黄芪,1000.0,银柴胡,812.5,芡实,2000.0,山药,4000.0,味不下罐,1.0,共研为但末,1.0,铺槽底,1.0,搅匀,1.0
真阿胶,62.5,蕲艾叶,62.5,当归,10987.001312767188,酒洗,62.5,川芎,62.5,怀庆熟地黄,62.5,白芍,62.5,香附,193.26728386303444,去毛,45.625,杵成米,1.0,醋淹,1.0
香附,500.0,童便浸,125.95982142857143,酒浸,57.69679752066116,泔浸,63.333333333333336,盐水浸,108.1875,大艾叶,125.0,将米泔慢火煮半日,1.0,砂仁,15.625,淮熟地,93.75,白芍,93.75,元胡,46.875,五味子,15.625,杜仲,31.25,阿胶,46.875,白术,31.25
牡蛎,31.25,肉桂,31.25,当归,31.25,龙齿,31.25,益智仁,31.25,乌药,31.25,杜仲,37.5,石菖蒲,37.5,山萸肉,37.5,茯神,37.5,牛膝,37.5,花椒,15.625,细辛,18.75,半夏,18.75,半姜,18.75,人参,25.0,当归,25.0,白芍,25.0,紫石英,25.0
益母草,500.0,当归,500.0,川芎?,250.0,香附,250.0
当归,125.0,白芍,93.75,白术,62.5,茯苓,125.0,陈皮,62.5,党参,62.5,丹皮,62.5,川芎,62.5,肉桂,62.5,元胡,62.5,香附,125.0,黄芪,31.25,熟地,62.5,藁本,15.625,白芷,15.625,木香,31.25,砂仁,31.25,甘草,31.25,艾炭,31.25,知母,31.25,黄柏,62.5
续断,6.0,北沙参,6.0,杜仲,6.0,当归,6.0,香附,6.0,益母草,6.0,川芎,6.0,陈皮,6.0,砂仁,1.5
鳖甲,46.875,杏仁,5418.4951798080165,尖双仁,46.875,苦葫芦,46.875,天冬,46.875,巴豆,0.3125,猪牙皂荚,31.25,石菖蒲,31.25,肉桂,31.25,葶苈子,31.25,甘遂,31.25,苦参,31.25,大黄,31.25,柴胡,31.25,当归,31.25,羚羊粉,31.25,龙骨,0.9375
白薇,56.25,泽兰,37.5,当归,18.75,白芷,28.125,卷柏,62.5,肉桂,46.875,藁本,37.5,川芎,18.75,石膏,62.5,桃仁,46.875,麦冬,37.5,人参,28.125,花椒,56.25,茯苓,37.5,陈皮,9.375,炒车前,56.25,蒲黄,46.875,赤石脂,18.75,紫石英,93.75,蛇床子,18.75,覆盆子,46.875,生地,56.25,泡干姜,56.25,白龙骨,37.5,远志,37.5,禹余粮,37.5,细辛,56.25
当归,10987.001312767188,生地,3091.7748686596155,白芍,1669.2705578573068,川芎,1634.998533820059,酸枣仁,2183.2214788732394,木瓜,83.05614370748299,甘草,354.23781785240715
人参,8.2,鹿茸,9.4,党参,40.0,当归,39.0,熟地,77.5,黄芪,39.0,白芍,39.0,川芎,30.0,元胡,23.0,芦巴子,30.0,续断,30.0,白术,30.0,香附,31.0,砂仁,23.0,益母草,39.0,黄芩,30.0,桑寄生,21.0,甘草,30.0
当归,15.625,川芎,12.5,丹参,31.25,鹿茸,6.25,枸杞子,9.375,五味子,9.375,豆蔻,9.375,白术,15.625,莲子,15.625,茯神,12.5,远志,15.625,节菖蒲,15.625,甘草,12.5,何首乌,12.5,生地,15.625
当归,125.0,川芎,93.75,益母草,187.5,香附,62.5
川芎,31.25,当归,31.25,枳壳,31.25,厚朴,31.25,肉桂,31.25,干姜,31.25,白芍,31.25,木香,31.25,青皮,31.25,神曲,31.25,麦糵,31.25,人参,31.25,莪术,794.3526432107496,舶上茴香,31.25,荆三棱,31.25,苦楝子,31.25,茯苓,31.25,生地,31.25,大黄,15.625,诃子,15.625
人参,3.0,黄连,3.0,当归身,9.0,白芍,9.0,川芎,4.5,木香,3.0,白豆蔻,3.0
当归,9.375,青皮子,9.375,阿胶,9.375,沉香,9.375,山药,9.375,川芎,9.375,菟丝子,9.375,熟地,9.375,黄芩,6.25,白术,6.25,川贝,6.25,艾炭,6.25,杜仲炭,6.25,续断,6.25,麦冬,6.25,陈皮,6.25,芥穗,6.25,厚朴,6.25,枳壳,6.25,川羌,4.6875,生黄耆,4.6875,砂仁,4.6875,甘草,4.6875,木香,4.6875,人参,18.75,茯苓,12.5,白芍,12.5,鹿茸,31.25,龙涎香,3.125,苏叶,3.125
益母草,250.0,香附,62.5,嫩黄耆,93.75,人参,62.5,白术,93.75,茯苓,62.5,甘草,62.5,当归身,93.75,白芍,62.5,陈皮,62.5,熟地,93.75,砂仁,62.5
熟地,125.0,当归身,125.0,续断,62.5,阿胶,62.5,杜仲,62.5,丹参,62.5,黄芪,46.875,白芍,46.875,元胡,46.875,川芎,46.875,陈皮,15.625,香附,31.25
琥珀,15.625,南木香,15.625,血竭,15.625,元胡,15.625,川当归,31.25,川芎,15.625,肉桂,15.625,赤芍,15.625,芥穗,15.625,枳壳,31.25,生地,62.5
益母膏,250.0,当归,125.0,白芍,125.0,川芎,125.0,肉桂,9.375,广木香,62.5
紫河车,30231.41759708738,去红筋,1.0,砂锅煮烂,1.0,败龟版,62.5,黄柏,46.875,杜仲,62.5,牛膝,62.5,茯苓,62.5,地黄,93.75,入砂仁,18.75,天冬,37.5,麦冬,37.5,五味子,21.875,当归,62.5
丹参,125.0,大川芎,46.875,川归身,62.5,乌药,31.25,香附,93.75,只用净末,31.25
丹皮,406.3041199840447,肉桂,43.55604937509526,当归,10987.001312767188,元胡,1245.6221151298357,牛膝,3405.7403699907663,赤芍,2378.9096429025694,三棱,91.93408629441625,莪术,794.3526432107496
当归,150.0,红花,50.0,%乙醇,533.3333333333334
当归,30.0,红花,20.0,丹参,15.0,月季花,15.0,米酒,1500.0
当归,125.0,酒,1500.0
熟地,7500.0,茯苓,3750.0,当归,3750.0,黄芪,3750.0,川芎,3750.0,肉桂,1875.0,白芍,3750.0,苁蓉,3750.0,白术,3750.0,甘草,937.5
当归,150.0,白芍,150.0,地黄,400.0,炙黄芪,150.0,阿胶,150.0,丹皮,100.0,香附,150.0,茯苓,150.0,杜仲,200.0,白术,200.0
鸡蛋,1.0,当归,9.0
益母草,600.0,当归,200.0,白芍,200.0,柴胡,100.0,木香,50.0,川芎,50.0
酒炒菟丝子,30.0,酒炒白芍,30.0,酒洗当归,30.0,熟地,15.0,山药,15.0,茯苓,9.0,芥穗,6.0,柴胡,15.0
菟丝子,30.0,白芍,30.0,当归,30.0,熟地,15.0,山药,15.0,茯苓,9.0,芥穗,6.0,柴胡,15.0
当归,375.0,人参,156.25,黄毛鹿茸,93.75,藏红花,93.75,熟地,125.0,白术,93.75,三七,78.125,鸡血藤,78.125,白芍,93.75,枸杞子,93.75,阿胶,62.5,益母草,15.625,香附,15.625,元胡,15.625,柴胡,15.625,小胡麻,15.625,鹿角霜,15.625,五灵脂,15.625,甘草,15.625,茯苓,12.5,干姜,12.5,杜仲,12.5,川牛膝,9.375,砂仁,9.375,川芎,6.25,黄芩,6.25,肉桂,6.25,乌药,9.375,细辛,4.6875
本品为人参,1.0,鹿茸,56.57871287128713,西红花,10.214772727272727,鸡血藤,531719.7478658537,三七,36.94646516393443,白芍,1669.2705578573068,熟地,1021.6623106185567,当归,10987.001312767188,白术,581.2030526011905,枸杞子,5544.381732902973,黄苓,17.685606060606062,香附,193.26728386303444,小胡麻,70.09004739336493,川芎,1634.998533820059,鹿角霜,107.08195364238411,阿胶,49.684451410658305,延胡索等药味经加工制成的大蜜丸,1.0
草果,1000.0,砂仁,1000.0,白豆蔻,500.0,广木香,1000.0,公丁香,500.0,母丁香,500.0,肉桂,1500.0,附片,1000.0,蛇床子,1000.0,甘草,1000.0,龙骨,1000.0,炒吴萸,1000.0,茯苓皮,1000.0,细辛,1000.0,花椒,1000.0,檀香,1000.0,枯矾,1000.0,当归,3000.0,白芷,5000.0,山奈,1000.0,海螵蛸,1000.0
吉林人参,6.25,熟地,15.625,香附,15.625,苏叶,7.8125,生地,15.625,阿胶,7.8125,当归,15.625,橘红,15.625,川牛膝,6.25,白术,15.625,沉香,3.125,川芎,15.625,台乌药,15.625,西砂仁,4.6875,炒黄芩,15.625,西琥珀,7.8125,茯苓,15.625,广木香,7.8125,甘草,4.6875,东白芍,15.625,益母草,93.75
人参,93.75,当归,93.75,白芍,93.75,赤芍,93.75,川芎,93.75,白芷,93.75,熟地,281.25,茯苓,156.25,肉桂,156.25,牛膝,156.25,丹皮,156.25,藁本,156.25,琥珀,31.25,朱砂,31.25,白薇,250.0,赤石脂,62.5,白石脂,62.5,乳香,62.5,没药,62.5,甘草,46.875,香附,1000.0
益母草,250.0,熟地,125.0,当归,100.0,川芎,75.0,白芍,75.0,茯苓,75.0,白术,75.0,元胡,50.0,蜜甘草,50.0,人参,50.0,阿胶,25.0
人参,62.5,生地,37.5,香附,81.25,山楂肉,26.25,黄芪,40.625,黄芩,46.875,沉香,50.0,橘红,50.0,益母草,20.0,甘草,100.0,白芍,50.0,川羌活,26.25,阿胶,81.25,当归,68.75,丹参,131.25,大腹皮,262.5,杜仲,81.25,茯苓,200.0,山药,131.25,白术,26.25,菟丝子,100.0,川芎,75.0,血余炭,26.25,续断,20.0,枳亮,37.5,莲子,200.0,川厚朴,46.875,麦冬,78.125,砂仁,90.625,广木香,26.25,苏叶,78.125,琥珀,26.25,肉苁蓉,37.5,艾叶,20.0,川贝,68.75,沙苑子,68.75
益母草,10000.0,白芍,2500.0,当归,2500.0,川羌,937.5,木香,937.5,柴胡,937.5
元胡,2000.0,生黄耆,2000.0,人参,2000.0,生阿胶,2000.0,白薇,2000.0,生白芍,2000.0,甘草,2000.0,茯苓,2000.0,制没药,2000.0,当归,2000.0,黄柏,2000.0,生鹿角,2000.0,制松香,1000.0,乳香,500.0,杜仲炭,1000.0,故纸,500.0,益母膏,5000.0,锁阳,500.0,小茴香,250.0,菟丝子,500.0,血余炭,250.0,艾炭,250.0,红白鸡冠花,1000.0,装入罐,1.0,或不生锈的桶内,1.0,将罐口封固,1.0,隔水蒸煮,1.0,生山药,2000.0,川芎,2000.0,丹皮,2000.0,熟地,2000.0,白芷,2000.0,白术,2000.0,藁本,2000.0,黄芩,2000.0,红花,500.0,陈皮,3000.0,砂仁,2000.0,广木香,500.0,续断,500.0,青蒿,500.0,肉桂,500.0,苏叶,500.0,益母草,7500.0,煅赤石脂,2000.0
当归,1250.0,白芍,1250.0,白术,1250.0,柴胡,1250.0,阿胶,750.0,蛇床子,750.0,吴茱萸,625.0,椿白皮,500.0,海螵蛸,500.0,艾炭,500.0,黄芩,375.0,益母草,500.0,威灵仙,500.0,藁本,625.0,秦艽,687.5,茯苓,500.0,牡蛎,250.0,木瓜,500.0,益智仁,500.0,香附,1000.0,远志,375.0,黄芪,500.0,甘草,250.0,破故子,500.0,青皮,375.0,郁金,500.0,半夏,375.0,使君子,500.0,白芷,250.0,川羌,250.0,九菖蒲,750.0,川牛膝,250.0,川芎,500.0,杜仲炭,750.0,苍术,375.0,续断,500.0,何首乌,500.0,桂枝,125.0,元胡,500.0,党参,1500.0,酸枣仁,500.0,丹皮,250.0,胡连,250.0,独活,250.0,黄连,250.0,绿七爪,250.0,白矾,500.0,赤石脂,312.5,豆蔻仁,50.0,砂仁,50.0,莲子,5000.0
香附,250000.0,川芎,10000.0,当归,90000.0,元胡,20000.0,生白术,14060.0,甘草,6500.0,大枣,50000.0,白芍,7500.0,赤芍,7500.0,熟地,30000.0
益母草,625.0,五灵脂,218.75,香附,656.25,白芷,218.75,当归,437.5,薄官桂,218.75,陈皮,437.5,白薇,218.75,元胡,218.75,藁本,218.75,抚川芎,218.75,粉甘草,218.75,白芍,218.75,制没药,218.75,茯苓,218.75,鹿角胶,218.75,白术,218.75,西党参,171.875,熟地,218.75,西砂仁,156.25,丹皮,218.75,阿胶,218.75,黄芩,218.75
元胡,125.0,山药,125.0,熟地,125.0,黄芪,125.0,人参,125.0,白芍,125.0,甘草,125.0,茯苓,125.0,当归,125.0,鹿角,125.0,续断,50.0,阿胶,125.0,杜仲,50.0,小茴香,25.0,故纸,50.0,菟丝子,50.0,祁艾,25.0,血余炭,25.0,没药,125.0,乳香,125.0,红鸡冠花,50.0,白鸡冠花,50.0,赤石脂,125.0,黄柏,125.0,益母膏,500.0,罐内,1.0,兑黄酒,5000.0,用火煮,1.0,天,1.0,川芎,125.0,丹皮,125.0,白术,125.0,白芷,125.0,黄芩,125.0,红花,50.0,陈皮,187.5,砂仁,125.0,木香,50.0
元胡,93750.0,蒲黄,93750.0,五灵脂,93750.0,丹参,93750.0
当归,156.25,香附,93.75,川芎,31.25,肉桂,62.5,木香,31.25,熟地,93.75,白芍,93.75,砂仁,31.25,山药,93.75,川贝,62.5,阿胶,31.25,茯苓,93.75,干姜,31.25,党参,62.5,黄芪,62.5,续断,62.5,白术,62.5,知母,62.5,甘草,31.25,地骨皮,31.25,艾叶炭,62.5,杜仲炭,31.25,柴胡,31.25
滇鸡血藤膏粉,218.75,川牛膝,59.5,续断,53.0,红花,5.0,黑豆,12.5,糯米,437.5,饴糖,300.0
益母草,10000.0,槲寄生,1000.0,风仙花全草,1.0,五味子,150.0,泽兰,1000.0
益母草,400.0,泽兰,100.0,槲寄生,100.0
附子,640.5341432562902,脐心作窍,1.0,如皂角子大,1.0,入茱砂,9.375,湿纸包,1200.0,牡蛎,1244.8578535080956,泉,1.0,州所出者,1.0,童便涂遍厚纸,1.0,裹,1.0,米醋浸透,1.0,盐泥固济,60.0,候干以炭,2500.0,肉桂,9.375,龙齿,9.375,当归,9.375,乌药,9.375,益智仁,9.375,杜仲,9.375,石菖蒲,9.375,山萸肉,9.375,茯神,9.375,牛膝,9.375,秦艽,9.375,细辛,9.375,桔梗,9.375,半夏,1952.4845006093487,防风,9.375,白芍,9.375,干姜,46.875,辽参,31.25,花椒,62.84628698384417
香附,250.0,半醋浸,1.0,砂铫内煮干,1.0,半童便浸,1.0,当归,125.0
苍术,11364.138459840537,葛根,2264.475711412396,桔梗,995.6308122465315,当归,10987.001312767188,茯苓,1224.6993028423487,白芷,193834.84121991778,枳壳,1336.029197939004,甘草,354.23781785240715,陈皮,197.82334370588237,白芍,1669.2705578573068
艾叶,156.25,牡蛎,93.75,龙骨,93.75,当归,62.5,附子,31.25,赤石脂,93.75
红花,3.0,当归,3.0,怀牛膝,3.0,苏木,3.0,川芎,1.5,麸炒枳壳,1.8,莪术,2.4,赤芍,2.4,三棱,2.4,芫花,2.4
红花,10.0,当归,10.0,丹参,15.0,糯米,100.0
琥珀,15.625,南木香,15.625,血竭,15.625,元胡,15.625,川当归,31.25,川芎,15.625,肉桂,15.625,赤芍,15.625,芥穗,15.625,枳壳,31.25,生地,62.5
香附,500.0,用童便浸,250.0,用好醋浸,60.0,好艾,120.0,再加好醋,500.0,入砂锅内煮干为度,60.0,日中晒干,60.0,没药,60.0,当归,60.0,川芎,60.0,熟地,60.0,生地,60.0,白芍,60.0,琥珀,30.0
香附,500.0,好醋浸,1.0,好艾,125.0,再加好醋,500.0,入砂锅内煮干为度,60.0,日中晒干,60.0,没药,62.5,当归,62.5,川芎,62.5,熟地,62.5,另杵,1.0,生地,62.5,另杵,1.0,白芍,62.5,琥珀,31.25
当归,10987.001312767188,川芎,1634.998533820059,白芍,1669.2705578573068,生地,3091.7748686596155,陈皮,197.82334370588237,半夏,1952.4845006093487,茯苓,1224.6993028423487,甘草,354.23781785240715
滇鸡血藤膏粉,87.5,川牛膝,23.8,续断,21.2,红花,2.0,黑豆,5.0,熟糯米粉,175.0,饴糖,120.0
丹参,31.25,丹皮,31.25,当归,93.75,生地,62.5,熟地,125.0,桔梗,31.25,生白芍,62.5,天冬,62.5,麦冬,62.5,元胡,62.5,川木通,31.25,红花,62.5,生阿胶,15.625,酸枣仁,15.625,远志,15.625,川楝子,12.5,陈皮,25.0,乌药,25.0,炒稻芽,31.25,泽兰,93.75,茯苓,62.5,莲子,125.0,龙胆草,62.5,广木香,25.0,蝉蜕,31.25,草蔻,15.625,香附,125.0,枳壳,31.25,生于术,25.0,青皮,46.875,厚朴,62.5,炒益智仁,31.25
丹参,30.0,益智仁,30.0,川木通,30.0,当归,90.0,桔梗,30.0,生地,60.0,龙胆草,60.0,远志,15.0,天冬,60.0,酸枣仁,15.0,麦冬,90.0,草蔻,15.0,川楝子,120.0,乌药,24.0,茯苓,60.0,白芍,60.0,白术,24.0,建曲,120.0,阿胶,15.0,丹皮,30.0,青木香,24.0,藏红花,60.0,枳壳,30.0,陈皮,24.0,熟地,120.0,香附,12.0,谷芽,30.0,元胡,90.0,青皮,45.0
滇珍参,9.375,薏苡仁,12.5,咀片,1.0,再入姜,1.0,加米仁汁蒸,1.0,怀生地,31.25,酒,1026.7083333333333,姜,124.66346153846153,味拌蒸,1.0,九晒,1.0,收,1.0,当归,12.5,白芍,9.375,川芎,6.25,米泔水浸洗,1.0,收干,1.0,丹参,12.5,小胡麻,12.5,香附,9.375,土,37.5,醋,818.49375,盐,377.4503941441442,童便,1343.4027777777778,甘草水,1.0,云白术,15.625,女贞子,9.375,车前水浸,1.0
香附米,125.0,醋浸,0.3125,米泔浸,0.3125,酒浸,0.3125,童便浸,125.95982142857143,益母草,62.5,艾叶,31.25,阿胶,62.5,熟地,62.5,川芎,31.25,当归,46.875,白芍,40.625,陈皮,31.25,白术,46.875,半夏,1952.4845006093487,姜汁浸,31.25,白茯,31.25,甘草,9.375,黄芩,31.25,丹皮,31.25,吴茱萸,15.625,元胡,12.5,小茴香,15.625,没药,15.625,续断,31.25,麦冬,31.25
益母草,2.5,香附米,2.5,醋炒,1.0,熟地,125.0,当归,125.0,白术,125.0,阿胶,93.75,生地,93.75,陈皮,93.75,茯苓,93.75,川芎,62.5,半夏,62.5,白芍,62.5,麦冬,62.5,黄芩,62.5,杜仲,62.5,丹皮,62.5,续断,62.5,元胡,62.5,没药,31.25,甘草,31.25,吴茱萸,21.875,小茴香,21.875
香附,500.0,乌药,500.0,去烟,1.0,川芎,15.625,生地,15.625,熟地,15.625,白芍,15.625,当归,15.625,甘草,125.0,白芷,125.0
当归,3.125,白芍,2.5,茯苓,2.5,白术,3.125,陈皮,2.5,知母,2.5,川贝,2.5,香附,2.5,柴胡,0.9375,薄荷,0.9375,地骨皮,2.5,甘草,0.9375,麦冬,2.5
当归,3.0,白芍,2.5,茯苓,2.5,白术,3.0,陈皮,2.5,知母,2.5,川贝,2.5,香附,2.5,柴胡,1.0,薄荷,1.0,地骨皮,2.5,甘草,1.0,麦冬,2.5
川当归,56.2662037037037,酒润,12.5,川芎,30.0,熟地,30.0,白芍,30.0,香附,45.0
麦冬,15.0,人参,12.0,生山药,12.0,半夏,9.0,白芍,9.0,丹参,9.0,甘草,6.0,桃仁,6.0,大枣,128.20968790637193
香附米,500.0,酒浸,0.3125,盐汤浸,0.3125,童便浸,0.3125,醋浸,43.330357142857146,当归,93.75,川芎,93.75,熟地,93.75,白芍,93.75,白术,62.5,陈皮,62.5,泽兰叶,62.5,黄柏,31.25,甘草,31.25
乌药,30.0,缩砂木香,30.0,元胡,30.0,香附,60.0,甘草,45.0
当归身,93.75,白茯神,62.5,玉竹,62.5,白芍,62.5,酸枣仁,62.5,丹参,62.5,远志,62.5,柏子仁,62.5,续断,62.5,橘红,31.25,杜仲,62.5,秦艽,46.875,女贞子,62.5,钩藤钩,125.0,郁金,62.5
益母草,250.0,当归,62.5,赤芍,62.5,木香,62.5
益母草,250.0,川芎,62.5,白芍,62.5,当归,62.5,熟地,62.5,广木香,62.5
当归,6.0,白芍,6.0,山药,6.0,枸杞子,6.0,甘草,6.0,丹皮,6.0,生地,6.0,知母,6.0,麦冬,6.0,西洋参,3.0,五味子,3.0
丹皮,9.0,丹参,9.0,桂枝,9.0,茯苓,9.0,干姜,9.0,何首乌,9.0,阿胶,9.0,甘草,6.0
栀子,31.25,防风,31.25,良姜,31.25,海风藤,31.25,威灵仙,31.25,牛膝,31.25,熟地,31.25,桃仁,31.25,柴胡,31.25,白鲜皮,31.25,全蝎,31.25,枳壳,31.25,白芷,31.25,甘草,31.25,黄连,31.25,细辛,31.25,白芍,31.25,玄参,31.25,猪苓,31.25,前胡,31.25,麻黄,31.25,桔梗,31.25,僵蚕,31.25,升麻,31.25,苦地丁,31.25,大黄,31.25,川木通,31.25,陈皮,31.25,川乌,31.25,生地,31.25,香附,31.25,金银花,31.25,知母,31.25,薄荷,31.25,当归,31.25,杜仲,31.25,白术,31.25,泽泻,31.25,青皮,31.25,黄柏,31.25,杏仁,31.25,黄芩,31.25,穿山甲,31.25,蒺藜,31.25,天麻,31.25,苦参,31.25,乌药,31.25,川羌,31.25,半夏,31.25,茵陈蒿,31.25,浙贝,31.25,五加皮,31.25,续断,31.25,山药,31.25,桑白皮,31.25,白芨,31.25,苍术,31.25,独活,31.25,荆芥,31.25,芫花,31.25,藁本,31.25,连翘,31.25,远志,31.25,草乌,31.25,益母草,31.25,五倍子,31.25,天南星,31.25,何首乌,31.25,大风子,31.25
干姜,500.0,葱白,500.0,韭白,500.0,蒜白,500.0,白凤仙花,67.0,根,250.0,槐枝,250.0,柳枝,250.0,桑枝,250.0,桃枝,250.0,侧柏枝,250.0,莱菔子,62.5,白芥子,62.5,山楂子,62.5,苏子,62.5,艾叶,62.5,花椒,62.5,石菖蒲,62.5,陈香橼,31.25,小磨麻油,2500.0,樟丹,937.5,白术,125.0,大黄,62.5,苍术,62.5,生香附,31.25,香附,31.25,生灵脂,31.25,醋灵脂,31.25,生延胡,31.25,醋延胡,31.25,川芎,31.25,白芍,31.25,当归,31.25,柴胡,31.25,薄荷,31.25,川羌,31.25,独活,31.25,防风,31.25,白芷,31.25,杏仁,31.25,神曲,31.25,麦芽,31.25,陈皮,31.25,半夏,31.25,浙贝,31.25,胆南星,31.25,前胡,31.25,郁金,31.25,乌药,31.25,蒲黄,31.25,赤苓,31.25,泽泻,31.25,黄芩,31.25,黑山栀,31.25,川乌,31.25,草乌,31.25,桔梗,31.25,甘草,31.25,枳壳,31.25,枳实,31.25,瓜蒌,31.25,红大戟,31.25,皂角,31.25,肉桂,31.25,槟榔,31.25,黄柏,31.25,青皮,31.25,木香,31.25,威灵仙,31.25,砂仁,31.25,川楝子,31.25,赤芍,31.25,桃仁,31.25,红花,31.25,没药,31.25,乳香,31.25,三棱,31.25,莪术,31.25,藿香,31.25,良姜,31.25,小茴香,31.25,草果,31.25,连翘,31.25,僵蚕,31.25,全蝎,31.25,木鳖子,31.25,防己,31.25,穿山甲,31.25,川木通,31.25,车前子,31.25,明雄,31.25,白矾,31.25,降香,31.25,益智仁,31.25,吴茱萸,31.25,黄连,31.25,细辛,31.25,茵陈蒿,31.25,蓖麻子,31.25,厚朴,31.25,葛根,31.25,生巴仁,31.25,甘遂,31.25,芫花,31.25,黑丑,31.25,陈壁土,31.25,轻粉,31.25,葶苈子,31.25,肉桂,62.5,公丁香,62.5
熟地,15.625,当归,9.375,酒炒白芍,4.6875,川芎,3.125
乳香,62.5,元胡,93.75,丹皮,62.5,白薇,62.5,甘草,62.5,白术,31.25,藁本,62.5,白芷,62.5,香附,312.5,没药,31.25,肉桂,31.25,赤石脂,1.25
熟地,250.0,桑寄生,187.5,当归,125.0,砂仁,125.0,党参,187.5,益母草,250.0,白芍,187.5,香附,125.0,川芎,187.5,吴茱萸,53.125,肉桂,53.125
香附,420.0,艾叶,120.0
香附,562.5,分作,1.25,每份,62.5,酒制,1.0,醋制,0.3125,盐水制,30.0,童便制,62.65625,小茴香,62.5,煎汁制,1.0,益智仁,62.5,煎汁制,1.0,栀子炒黑,62.5,煎汁制,1.0,莱菔子,62.5,煎汁制,1.0,白附子,31.25,石菖蒲,31.25,共煎制,1.0,汁俱春浸,1.0,夏浸,1.0,秋浸,1.0,冬浸,1.0,浸至日足,1.0,连渣同香附晒干,1.0,捡出香附,1.0,再将香附合,1.0,入砂锅内,1.0,用蕲艾,156.25,无灰陈酒同煮,1.0,酒干再添,1.0,再煮,1.0,须煮至香附黑色为度,1.0,取起晒干,1.0,香附末,250.0,当归,125.0,熟地,125.0,生地,125.0,白芍,125.0,川芎,93.75,白术,125.0,甘草,28.125,酸枣仁,62.5,人参,31.25,茯苓,31.25,天冬,84.375,益母草,125.0,山萸肉,62.5,真化皮,62.5,元胡,31.25,阿胶,125.0,黄芩,62.5,砂仁,46.875
当归,2000.0,木香,500.0,元胡,2000.0,藁本,2000.0,白薇,2000.0,赤石脂,2000.0,黄柏,2000.0,丹皮,2000.0,阿胶,2000.0,黄芪,2000.0,人参,2000.0,山药,2000.0,川芎,2000.0,白芍,2000.0,甘草,2000.0,熟地,2000.0,没药,2000.0,白芷,2000.0,黄芩,2000.0,砂仁,2000.0,鹿角,2000.0,白术,2000.0,茯苓,2000.0,血余炭,250.0,艾叶,250.0,小茴香,250.0,青蒿,500.0,乳香,500.0,杜仲,500.0,锁阳,500.0,菟丝子,500.0,红花,500.0,肉桂,500.0,续断,500.0,苏叶,500.0,破故子,500.0,松香脂,1000.0,红鸡冠花,1000.0,白鸡冠花,1000.0,陈皮,3000.0,益母草,7500.0
白芍,15.625,川芎,15.625,生地,15.625,熟地,15.625,当归,15.625,黄芩,15.625,茯苓,15.625,乌药,15.625,橘红,15.625,阿胶,12.5,苏叶,12.5,砂仁,12.5,香附,12.5,白术,12.5,琥珀,12.5,人参,12.5,木香,3.125,沉香,3.125,川牛膝,6.25,甘草,6.25,益母草,62.5
白芍,30.0,香附,9.0,当归,15.0,白术,15.0,丹皮,9.0,茯苓,9.0,天花粉,6.0
鹿茸,125.0,五灵脂,125.0,石柱参,62.5,丹参,93.75,龟版胶,93.75,元胡,93.75,鹿角胶,93.75,黄芩,93.75,阿胶,125.0,续断,93.75,党参,156.25,川芎,125.0,炙黄耆,156.25,醋制香附,93.75,当归,187.5,甘草,93.75,熟地,312.5,广郁金,62.5,川贝,187.5,春砂仁,62.5,菟丝子,187.5,白芍,93.75,枸杞子,156.25,大黄,93.75,茯苓,156.25,陈皮,125.0,白术,156.25,上肉桂,46.875
当归,10987.001312767188,川芎,1634.998533820059,丹参,6808.698100424628,红花,2603.750986199316,香附,193.26728386303444,青皮,50.8602246,益母草,6385.343813259109
熟地,15.0,当归,7.5,甘草,4.5,干姜,6.0,或加肉桂,4.5
当归,3.0,黄连,3.0,栀子,3.0,香附,3.0,槐花,3.0,川芎,3.0,白芍,6.0,生地,6.0,灯心草,24.634722222222223
荆芥,6.25,硼砂,15.625,冰片,0.625,制没药,3.125,乳香,3.125,胭脂,3.125,黄芩,9.375,元胡,4.6875,薄荷,1.25
茯苓,500.0,大枣,128.20968790637193,胡桃肉,111.74537037037037,白蜂蜜,3000.0,入前三味调匀,1.0,再用微火熬膏倾入瓷坛内,1.0,又加南烧酒,10000.0,糯米白酒,5000.0,绵黄耆,39.044117647058826,人参,238.61331706462494,白术,581.2030526011905,当归,10987.001312767188,川芎,1634.998533820059,白芍,1669.2705578573068,生地,3091.7748686596155,熟地,1021.6623106185567,小茴香,66.5345332278481,覆盆子,5467.99956445993,陈皮,197.82334370588237,沉香,29.376888334529788,木香,617.0711673559962,甘枸杞子,153.83522727272728,肉桂,43.55604937509526,砂仁,45.020258317713214,甘草,354.23781785240715,乳香,34.097240675990676,没药,40.43479255319149,北五味子,33.25578703703704
梅花鹿胎,1.0,祁艾,93.75,香附,62.5,川芎,31.25,当归,46.875,白芍,31.25,炮姜炭,15.625,红花,9.375,熟地,125.0,吴茱萸,15.625,肉桂,15.625,楠,15.625,黄芩,15.625,川牛膝,15.625,元胡,15.625,杜仲,31.25,续断,31.25,丹皮,15.625,丹参,15.625
鲜鹿胎,1.0,人参,31.25,白术,31.25,茯苓,31.25,甘草,31.25,当归,31.25,川芎,31.25,白芍,31.25,熟地,31.25
鹿胎,41.666666666666664,鹿茸,31.25,党参,125.0,琥珀,15.625,藏红花,15.625,柴胡,53.125,白芍,93.75,益母草,250.0,赤石脂,62.5,白蔹,62.5,川芎,25.0,益智仁,46.875,元胡,46.875,桂圆肉,93.75,薄荷,25.0,鳖甲,93.75,香附,93.75,牡蛎,62.5,当归,93.75,桃仁,31.25,甘草,62.5,菊花炭,62.5,川楝子,15.625,乌梅,62.5,鹿角霜,12.5,北沙参,125.0,沉香,31.25,肉桂,31.25,东参,31.25,黄芪,125.0,鸡血藤,31.25,蚕茧炭,15.625,白全参,93.75
当归,6.25,熟地,6.25,白芍,6.25,川芎,6.25,麻黄,3.125,桂枝,3.125,杏仁,5418.4951798080165,甘草,3.125
大黄,500.0,红花,2603.750986199316,入好酒,400.0,同煮三五沸,1.0,去红花不用,1.0,黑豆,1200.0,煮取汁,700.0,苏木,90.0,用河水,1125.0,煎取汁,700.0
吉林人参,12.0,白芍,30.0,益母草,180.0,广木香,15.0,熟地,30.0,琥珀,15.0,香附,30.0,黄芩,15.0,生地,30.0,西砂仁,15.0,上沉香,30.0,苏叶,15.0,当归,30.0,阿胶,15.0,橘红,30.0,川牛膝,12.0,白术,30.0,甘草,9.0,川芎,30.0,乌药,30.0,茯苓,30.0
嫩黄耆,90.0,白术,60.0,酸枣仁,60.0,当归,60.0,香附,60.0,续断,60.0,黄芩,60.0,枸杞子,60.0,血余炭,60.0,阿胶,60.0,杜仲,60.0,茯苓,45.0,白芍,45.0,丹参,45.0,五味子,18.0,甘草,30.0,朱砂,30.0,生地,120.0
元胡,3500.0,白术,3500.0,肉桂,3500.0,川芎白芍,3500.0,茯苓,3500.0,没药,3500.0,丹参,3500.0,熟地,3500.0,鹿角霜,3500.0,吴茱萸,3500.0,阿胶,3500.0,藁本,3500.0,白芷,3500.0,甘草,3500.0,赤石脂,3500.0,白薇,3500.0,陈皮,7000.0,当归,7000.0,香附,10500.0,人参,1000.0,益母草,10000.0,砂仁,2500.0,党参,2250.0
当归,140.0,白芍,70.0,川芎,70.0,熟地,70.0,党参,55.0,白术,70.0,茯苓,70.0,甘草,70.0,肉桂,70.0,益母草,200.0,丹皮,70.0,没药,70.0,元胡,70.0,藁本,70.0,白芷,70.0,黄芩,70.0,白薇,70.0,香附,150.0,砂仁,50.0,陈皮,140.0,赤石脂,70.0,鹿角霜,150.0,阿胶,70.0
香附,120.0,42,120.0,干克,120.0,生地,120.0,生白芍,120.0,当归,120.0,熟地,120.0,川芎,120.0,艾炭,60.0,白术,120.0,益母草,120.0,甘草,30.0,山萸肉,60.0,酸枣仁,60.0,茯苓,120.0,生阿胶,60.0,天冬,60.0,砂仁,45.0,人参,30.0,黄芩,60.0,元胡,45.0
党参,50.0,白术,50.0,当归,100.0,白芍,50.0,川芎,100.0,香附,200.0,木香,50.0,砂仁,50.0,小茴香,50.0,元胡,50.0,杜仲,50.0,续断,50.0,破故子,50.0,鸡冠花,200.0,青黛,50.0,樗白皮,200.0,牡蛎,50.0
芹菜,250.0,益母草,50.0,鸡蛋,1.0,油盐,1.0
熟地,6.0,川芎,3.0,当归,6.0,黄芩,6.0,白术,6.0,白芍,6.0
当归,10987.001312767188,川芎,1634.998533820059,白芍,1669.2705578573068,生地,3091.7748686596155,丹皮,406.3041199840447,桃仁,1185.2330523592184,红花,2603.750986199316,木香,617.0711673559962,元胡,1245.6221151298357,香附,193.26728386303444,甘草,354.23781785240715
当归身,120.0,熟地,120.0,香附,120.0,干山药,75.0,白术,75.0,枸杞子,60.0,人参,60.0,艾叶,60.0,筋,45.0,同香附用陈醋,45.0,老酒煮一时,45.0,川芎,45.0,白芍,45.0,丹皮,45.0,紫石英,45.0,泽兰,30.0,紫河车,30231.41759708738
当归,6.0,白芍,12.0,白术,6.0,柴胡,6.0,香附,6.0,郁金,6.0,黄芩,6.0,山栀仁,9.0,丹皮,6.0,甘草,3.0
香附,9.0,青皮,6.0,柴胡,6.0,郁金,6.0,丹参,12.0,川芎,4.5,红泽兰,12.0,元胡,6.0,金铃炭,6.0
雷丸,20.0,郁金,20.0,石见穿,20.0,百部,15.0,麦冬,15.0,槟榔,15.0,赤芍,15.0,桃仁,15.0,路路通,15.0,桂枝,5.0,细辛,5.0,丹皮,10.0,穿山甲,10.0,皂角刺,10.0
当归,250.0,川芎,250.0,白芍,250.0,熟地,250.0
白芍,9.0,当归,9.0,熟地,12.0,川芎,6.0
柴胡,9.0,当归,9.0,川芎,9.0,香附,9.0,元胡,9.0,桃仁,9.0,红花,9.0,赤芍,12.0,生地,12.0,青皮,6.0
香附米,500.0,酒浸,125.0,盐汤浸,125.0,童便浸,125.0,醋浸,43.330357142857146,三日,1.0,滤干,1.0,当归,120.0,川芎,120.0,熟地,120.0,白芍,120.0,白术,60.0,陈皮,60.0,泽兰叶,60.0,黄柏,30.0,甘草,30.0
当归,62.5,南芎,31.25,白芍,46.875,熟地,62.5,茯苓,31.25,白术,62.5,陈皮,31.25,黄芩,31.25,丹皮,31.25,元胡,31.25
鱼鳔,62.5,丹皮,46.875,白芍,31.25,沙菀蒺藜,62.5,续断,31.25,茯苓,46.875,熟地,125.0,黄苓,31.25,菟丝子,46.875,山萸肉,62.5,杜仲,31.25,萆薢,31.25,山药,62.5,当归,31.25,车前子,62.5,阿胶,46.875,益母草,31.25,酒拌,68.96527777777777,饭上蒸过,1.0,香附米,31.25
熟地,6.25,当归,3.125,白芍,2.5,丹皮,2.5,玄参,2.5,麦冬,2.5,陈皮,2.5,杜仲,2.5
鹿茸,5.0,淫羊藿,10.0,仙茅,10.0,续断,10.0,桑寄生,10.0,菟丝子,15.0,枸杞子,10.0,覆盆子,10.0,山药,30.0,莲子,10.0,茯苓,15.0,黄芪,10.0,白芍,15.0,酸枣仁,10.0,钩藤,10.0,丹参,15.0,赤芍,15.0,鸡血藤,30.0
熟地,6.25,当归,3.125,白芍,2.5,丹参,2.5,吴茱萸,2.5,白术,3.125,香附,3.125,川芎,2.5
当归,6.0,元胡,6.0,白术,6.0,香附,3.0,白芍,3.0,生地,3.0,川芎,2.4,陈皮,2.4,丹皮,2.4,甘草,1.8,益母草,9.0
当归,31.25,陈皮,31.25,白芷,31.25,牛膝,31.25,三棱,31.25,莪术,31.25,元胡,31.25,白术,46.875,川芎,46.875,枳壳,46.875,小茴香,46.875,熟地,46.875,香附,62.5,甘草,15.625
香附,6250.0,阿胶,3125.0,熟地,3125.0,川芎,1562.5,白术,2343.75,陈皮,1562.5,茯苓,1562.5,当归,2343.75,白芍,2343.75,麦冬,1562.5,半夏,1562.5,续断,1562.5,丹皮,1562.5,元胡,781.25,没药,812.5,益母草,3125.0,吴茱萸,781.25,小茴香,781.25,甘草,468.75,黄芩,1562.5,艾叶,1562.5
香附,31.25,苍术,31.25,赤苓,31.25,川芎,9.375,乌药,31.25,黄柏,9.375,泽兰,31.25,丹皮,25.0,当归,25.0
香附,250.0,酒,0.3125,醋浸,0.3125,杜仲,250.0,大川芎,125.0,白芍,125.0,当归,125.0,怀生地,125.0,陈皮,125.0,小茴香,125.0,元胡,125.0,肉苁蓉,125.0,旧青皮,125.0,台乌药,125.0,枯黄芩,125.0,乌贼鱼骨,125.0
熟地,12.0,当归身,15.0,阿胶,12.0,丹参,30.0,白芍,18.0,柴胡,6.0,陈皮,9.0,香附,9.0,炒杜仲,12.0,续断,12.0,桑寄生,30.0,甘草,3.0
当归,9.0,怀牛膝,6.0,香附,3.0,元胡,3.0,山楂,4.5,茯苓,4.5,陈皮,2.0
当归,3.125,川芎,2.1875,白芍,3.125,熟地,2.1875,陈皮,2.5,白术,3.125,香附,3.125,砂仁,0.625,丹参,1.5625,黄芩,3.125,甘草,1.25
当归身,25.0,川芎,12.5,熟地,31.25,香附,18.75,白芍,18.75,茯苓,12.5,陈皮,9.375,吴茱萸,9.375,丹皮,9.375,元胡,9.375
当归,12.0,吴茱萸,12.0,川芎,12.0,香附,18.0,热地,18.0,白芍,9.0,茯苓,9.0,丹皮,9.0,元胡,9.0,陈皮,9.0
益母草末,312.5,月中采上半截白梗,1.0,肥壮者佳,1.0,当归身,125.0,真川芎,62.5,白术,125.0,白芍,93.75,怀熟地,125.0,黄芪,62.5,人参,31.25,茯苓,62.5,砂仁,62.5,粉甘草,62.5,广木香,31.25
当归,75.0,白芍,50.0,川芎,37.5,熟地,100.0,香附,75.0,木香,12.5,青皮,12.5,山楂,75.0,元胡,50.0,干姜,12.5,肉桂,12.5,丹参,75.0,小胡麻,25.0,红花,25.0,益母草,300.0,五灵脂,50.0
乌鸡,640.0,鹿角胶,128.0,鳖甲,64.0,牡蛎,48.0,桑螵蛸,48.0,人参,128.0,黄芪,32.0,当归,144.0,白芍,128.0,香附,128.0,天冬,64.0,甘草,32.0,地黄,256.0,熟地,256.0,川芎,64.0,银柴胡,26.0,丹参,128.0,山药,128.0,芡实,64.0,鹿角霜,48.0
乌药,90.0,大黄,90.0,人参,90.0,莪术,90.0,三棱,90.0,黄药子,90.0,黄芩,90.0,元胡,90.0,丹皮,90.0,阿胶,90.0,蒲黄,90.0,香附,90.0,乌豆衣,90.0,生地,90.0,川芎,90.0,寄奴,60.0,艾叶,60.0,白扁豆,60.0
柴胡,100.0,当归,100.0,白芍,100.0,白术,100.0,茯苓,100.0,甘草,80.0,薄荷,20.0
柴胡,100.0,当归,100.0,白芍,100.0,白术,100.0,茯苓,100.0,甘草,80.0,薄荷,20.0
当归,7.5,白芍,4.5,熟地,12.0,酸枣仁,6.0,茯神,4.5,远志,18967.668103070482,陈皮,2.4,甘草,3.0
川芎,6.0,阿胶,6.0,甘草,6.0,艾叶,9.0,当归,9.0,白芍,12.0,生地,18.0
白芍,15.0,当归,15.0,丹皮,15.0,栀子,9.0,白芥子,6.0,柴胡,3.0,香附,3.0,郁金,3.0,黄芩,3.0,生甘草,3.0
当归,10987.001312767188,元胡,1245.6221151298357
元胡,30.0,当归,30.0,蒲黄,30.0,川芎,30.0,生干地黄,30.0,赤芍,30.0,泽兰,30.0,莪术,30.0,天麻,30.0,肉桂,30.0,滑石,30.0,地榆,15.0
当归,6.0,白芍,6.0,香附,6.0,青皮,2.4,柴胡,2.4,川芎,2.4,生地,2.4,甘草,1.5
人参,3.0,蜜炙白术,3.0,茯苓,3.0,蜜炙黄芪,3.0,熟地,3.0,当归,3.0,陈皮,3.0,白芍,6.0,肉桂,1.5,甘草,1.5,干姜,487.4687744460294,大枣,128.20968790637193
当归,60.0,茯神,60.0,枸杞子,60.0,川牛膝,60.0,杜仲,60.0,桂圆肉,60.0,核桃肉,60.0,葡萄干,60.0
鲜益母草汁,10.0,鲜生地黄汁,40.0,鲜藕汁,40.0,生姜汁,2.0,蜂蜜,10.0,粳米,100.0
益母草,30.0,鸡蛋,1.0
当归,3.0,川芎,3.0,白芍,3.0,熟地,3.0,黄芩,3.0,陈皮,3.0,香附,3.0,阿胶,3.0,益母草,4.5,白术,4.5,玄参,1.2,蒲黄,1.2,甘草,1.2
益母草,500.0,生地,90.0,当归,90.0,白芍,90.0,海螵蛸,120.0,泽兰叶,120.0,香附,193.26728386303444,醋,818.49375,山栀水,120.0
杜仲,9.0,续断,9.0,熟地,9.0,当归,6.0,白芍,9.0,益母草,12.0,焦艾,9.0,巴戟天,9.0,乌药,9.0
柴胡,1.5,升麻,1.5,甘草,3.0,当归身,3.0,陈皮,3.0,人参,4.5,神曲,4.5,黄芪,6.0,白术,9.0,生黄芩,9.578947368421053
泽兰,6.0,柏子仁,4.5,当归,4.5,白芍,4.5,熟地,4.5,牛膝,4.5,小胡麻,4.5
泽兰,14.0,香附,14.0,续断,14.0,红花,2.0,当归,12.0,柏子仁,12.0,赤芍,12.0,牛膝,6.0,元胡,8.0
香附,500.0,先以醋同浸一宿,125.0,然后分开制之,125.0,酒,125.0,盐,125.0,童便制,125.0,阿胶,60.0,枳壳,120.0,怀生地,120.0,熟地,120.0,当归身,120.0,川芎,120.0,白芍,250.0
菊花,90.0,小茴香,90.0,香附,90.0,酒浸一宿,90.0,熟干地黄,90.0,当归,90.0,肉桂,90.0,牛膝,90.0,元胡,90.0,白芍,90.0,蒲黄,90.0,蓬茂,90.0
凌霄花,21.663194444444443,肉桂,43.55604937509526,赤芍,2378.9096429025694,白芷,193834.84121991778,元胡,1245.6221151298357,当归,10987.001312767188,刘寄奴,33.72528409090909,丹皮,406.3041199840447,红花,2603.750986199316
鹿茸,0.0,仙茅,0.0,淫羊藿,0.0,黄芪,0.0,茯苓,0.0,丹参,0.0,赤勺,0.0
黄芪,15.0,防己,15.0,白术,15.0,川芎,15.0,何首乌,15.0,泽泻,30.0,生山楂,30.0,丹参,30.0,茵陈蒿,30.0,水牛角,30.0,淫羊藿,10.0,大黄,9.0
紫草,25.0,重楼,50.0,丹参,50.0,川芎,15.0,浮萍草,50.0,刘寄奴,25.0,琥珀,10.0,地龙,10.0,丹皮,25.0,土元,10.0,威灵仙,25.0
小茴香,5.0,干姜,5.0,肉桂,5.0,元胡,10.0,没药,10.0,当归,10.0,川芎,10.0,赤芍,10.0,五灵脂,10.0,蒲黄,10.0
当归,30.0,炙黄芪,30.0,干姜,3.0,大枣,10.0,淫羊藿,15.0,菟丝子,30.0
白芷,6.0,川芎,6.0,甘草,6.0,香附,15.0,元胡,15.0,益母草,15.0,广木香,10.0,当归,10.0,炒五灵脂,10.0,白芍,12.0
甘草,20.0,炒乳香,20.0,炒没药,20.0,赤勺药,30.0,川芎,30.0,白竭,30.0,当归,50.0,五灵脂,50.0,砂炒马钱子,100.0,醋制生川乌,250.0
熟地,30.0,当归,12.0,党参,30.0,白术,12.0,陈皮,10.0,香附,10.0
丹参,10.0,丹皮,10.0,赤芍,10.0,桃仁,10.0,红花,10.0,花蕊石,10.0,炒蒲黄,10.0,香附,6.0,益母草,15.0,田三七末,3.0
当归,30.0,生艾叶,15.0,红糖,60.0
当归,12.0,川芎,6.0,赤芍,12.0,红花,9.0,生蒲黄,9.0,五灵脂,9.0,香附,12.0,制玄胡,15.0,生山楂,12.0
党参,15.0,黄芪,30.0,当归,10.0,生地,10.0,白芍,10.0,阿胶,10.0,续断,12.0,山萸肉,15.0,桑寄生,10.0,海螵蛸,15.0,炒蒲黄,10.0,荆芥,10.0
柴胡,10.0,白芍,15.0,当归,12.0,郁金,10.0,香附,10.0,丹参,20.0,甘草,6.0,枳实,9.0,荔枝核,15.0,川芎,10.0,元胡,12.0
生地榆,20.0,仙鹤草,20.0,益母草,24.0,茜草,18.0,白花蛇舌草,20.0
柴胡,6.0,当归,12.0,熟地,12.0,菟丝子,15.0,鹿角霜,15.0,山药,15.0,杜仲,1242.0,欢,15.0,郁金,10.0,小胡麻,15.0,白芍,12.0
五味子,10.0,菟丝子,10.0,枸杞子,10.0,覆盆子,10.0,车前子,10.0,蒲黄,10.0,益母草,10.0,侧柏叶,15.0
附子,10.0,桂枝,10.0,益母草,30.0,川牛膝,15.0,茯苓,15.0,炒五灵脂,15.0
丹皮,12.0,栀子,12.0,当归,12.0,白芍,15.0,柴胡,12.0,茯苓,15.0,白术,12.0,甘草,8.0,薄荷,8.0,北沙参,12.0,淡竹叶,12.0,生地,12.0
黄芪,30.0,牡蛎,30.0,党参,9.0,白术,9.0,海螵蛸,9.0,龙骨,24.0,防风,3.0,乌梅,6.0,白芍,6.0,当归,6.0,青木香,6.0
熟地,12.0,当归,9.0,白芍,9.0,川芎,6.0
川芎,6.0,阿胶,9.0,甘草,6.0,艾叶,9.0,当归,9.0,白芍,12.0,生地,15.0
黄芪,30.0,牡蛎,30.0,党参,9.0,白术,9.0,海螵蛸,9.0,龙骨,24.0,防风,3.0,乌梅,6.0,白芍,6.0,当归,6.0,青木香,6.0
香附,0.0,广郁金,0.0,丹皮,0.0,女贞子,0.0,当归,0.0,白芍,0.0
当归,0.0,紫河车,0.0,阿胶,0.0,熟地,0.0,白芍,0.0
益母草,30.0,仙鹤草,30.0,当归,12.0,赤勺,12.0,丹参,15.0,川芎,8.0,桃仁,8.0,蒲黄,9.0,三七,6.0,荆芥,6.0,清炙甘草,5.0
桃仁,12.0,红花,12.0,炙香附,12.0,川芎,12.0,鸡血藤,10.0,泽兰,12.0,益母草,1.0,五灵脂,12.0,橘核,10.0,乌药,10.0,元胡,15.0
杜仲,10.0,续断,10.0,巴戟天,10.0,熟地,10.0,当归,10.0,白芍,10.0,焦艾叶,12.0,乌药,10.0,益母草,10.0
人参,238.61331706462494,鹿胎,41.666666666666664,鹿茸,56.57871287128713,红花,2603.750986199316,川芎,1634.998533820059,丹参,6808.698100424628,丹皮,406.3041199840447,牛膝,3405.7403699907663,桃仁,1185.2330523592184,三棱,91.93408629441625,元胡,1245.6221151298357,沉香,29.376888334529788,香附,193.26728386303444,陈皮,197.82334370588237,砂仁,45.020258317713214,槟榔,1149.366431334761,青皮,50.8602246,吴茱萸,50.791692330827075,肉桂,43.55604937509526,附子,640.5341432562902,小茴香,66.5345332278481,莪术,794.3526432107496,白术,581.2030526011905,白芍,1669.2705578573068,干漆,35.080383606557376,泽泻,4820.977333449782,茯苓,1224.6993028423487,蒲黄,1319.8605325537294,棕榈,87.95340909090909,银柴胡,47.89660493827161,木香,617.0711673559962,厚朴,845.3039136349054,荆芥,35.38129737609329,干姜,487.4687744460294,海螵蛸,324.5495706976744,紫豆蔻,60.0,杜仲,58.80122855967078,乳鹿,1.0,甘草,354.23781785240715,当归,10987.001312767188,阿胶,49.684451410658305,龟申,1.0,鳖甲,96.63628133259913,熟地,1021.6623106185567,赤芍,2378.9096429025694
滇鸡血藤膏粉,218.75,川牛膝,59.5,续断,53.0,红花,5.0,黑豆,12.5,糯米,437.5,饴糖,300.0
马鞭草,30.0,黄芩,10.0,丹参,10.0,赤芍,10.0,花蕊石,20.0,仙鹤草,20.0,生茜草,20.0
黄芪,30.0,益母草,20.0,紫草,20.0,蒲黄,10.0,川芎,6.0,干姜,6.0,枳实,6.0
柴胡,6.0,当归,6.0,郁金,9.0,橘核,9.0,山慈姑,9.0,香附,9.0,漏芦,9.0,夏枯草,12.0,茜草,12.0,赤芍,15.0,丝瓜络,4.5,甘草,3.0
柴胡,10.0,当归,10.0,白芍,10.0,白术,10.0,青皮,10.0,川芎,10.0,云茯苓,10.0,郁金,20.0,香附,15.0,丹参,15.0
当归,0.0,白芍,0.0,茯苓,0.0,白术,0.0,橘核,0.0,陈皮,0.0,香附,0.0,柴胡,0.0,莪术,0.0,王不留行,0.0,元胡,0.0,甘草,0.0
巴戟天,12.0,山萸肉,12.0,熟地,12.0,菟丝子,12.0,黄精,12.0,枸杞子,12.0,仙茅,12.0,淫羊藿,12.0,当归,12.0
柴胡,10.0,白芍,10.0,枳壳,10.0,车前子,10.0,麦芽,60.0,牛膝,15.0,甘草,5.0
当归,0.0,川芎,0.0,桃仁,0.0,红花,0.0,艾叶,0.0,元胡,0.0,山楂,0.0,益母草,0.0,生地,0.0,熟地,0.0,白芍,0.0,党参,0.0,丹参,0.0,香附,0.0,沉香,0.0,鸡血藤,0.0,茯苓,0.0,甘草,0.0
苍术,15.0,黄柏,12.0,薏苡仁,20.0,茯苓,12.0,藿香,20.0,充蔚子,12.0,红花,10.0,川芎,15.0,莪术,12.0,益母草,20.0,香附,12.0,蒲黄,12.0
桑白皮,30.0,黄芩,12.0,杏仁,12.0,麦冬,15.0,丹参,15.0,通草,10.0,栀子,12.0,知母,12.0,益母草,20.0,小胡麻,12.0,茵陈蒿,15.0,薏苡仁,20.0,车前草,20.0,甘草,6.0
当归,20.0,白芍,15.0,生地,20.0,川芎,15.0,阿胶,10.0,桃仁,12.0,蒲黄,12.0,益母草,20.0,党参,30.0,白术,15.0,砂仁,10.0,酸枣仁,30.0,甘草,10.0
鳖甲,15.0,龟板,15.0,生地,18.0,麦冬,15.0,白芍,15.0,旱莲草,20.0,女贞子,15.0,地骨皮,15.0,丹皮,12.0,益母草,20.0,桃仁,12.0,小胡麻,12.0
黄连,10.0,黄芩,12.0,半夏,15.0,干姜,6.0,党参,30.0,陈皮,10.0,木香,15.0,枳实,12.0,槟榔,15.0,柴胡,12.0,白芍,15.0,甘草,6.0,建曲,15.0
阿胶,10.0,当归,18.0,川芎,15.0,白芍,15.0,生地,18.0,益母草,20.0,蒲黄,12.0,桂枝,12.0,大枣,12.0,干姜,487.4687744460294,白头翁,30.0,黄连,10.0,甘草,10.0
当归,20.0,白芍,18.0,熟地,20.0,川芎,18.0,桂枝,15.0,益母草,30.0,蒲黄,15.0,五灵脂,12.0,桃仁,15.0,红花,12.0,香附,15.0,附片,15.0,甘草,10.0
当归,18.0,白芍,18.0,熟地,18.0,川芎,15.0,阿胶,10.0,艾叶炭,10.0,蒲黄,12.0,五灵脂,12.0,香附,15.0,仙鹤草,20.0,党参,30.0,甘草,10.0
丹皮,12.0,栀子,12.0,生地,24.0,白芍,15.0,川芎,15.0,益母草,15.0,槲寄生,30.0,柴胡,12.0,枳壳,12.0,蒲黄,15.0,元胡,15.0,川楝子,15.0,甘草,6.0
生地,2.0,白芍,2.0,川芎,1.0,当归,2.0,丹皮,1.0,栀子,1.5,香附,1.0,元胡,1.5,蒲黄,1.5,益母草,2.0,甘草,1.0
当归,1.5,丹皮,1.5,车前子,2.0,五灵脂,1.0
生地,2.0,白芍,2.0,川芎,1.5,丹皮,1.5,栀子,1.5,元胡,1.5,乳香,1.0,蒲黄,1.5,香附,1.5,乌药,1.0,甘草,1.0
柴胡,1.0,白芍,1.5,枳壳,1.5,栀子,1.0,丹皮,1.5,地骨皮,1.5,牡蛎,2.0,酸枣仁,2.0,合欢皮,1.5,元胡,1.5,川楝子,1.5,蒲公英,2.0
当归,1.5,白芍,1.5,生地,1.5,阿胶,1.0,蒲黄,1.5,三七,0.5,元胡,1.5,丹皮,1.0,益母草,1.5,香附,1.5,海螵蛸,324.5495706976744,甘草,1.0
桂枝,1.5,茯苓,2.0,赤芍,1.5,桃仁,1.5,当归,1.5,香附,1.5,蒲公英,2.0,薏苡仁,2.0,青皮,1.5,蒲黄,2.0,阿胶,1.0,仙鹤草,2.0,大黄,1.5
当归,2.0,白芍,2.0,丹皮,1.5,泽兰,1.5,元胡,1.5,蒲黄,1.5,柴胡,1.0,枳壳,1.5,川楝子,1.5,麦芽,2.0,陈皮,1.5,紫苏,1.5,甘草,0.5
茯苓,1.5,赤芍,1.5,当归,2.0,香附,1.5,蒲公英,2.0,薏苡仁,2.0,红花,1.0,元胡,1.5,益母草,2.0,半夏,2.0,陈皮,1.5,木香,1.5
当归,2.0,白芍,1.5,熟地,2.0,川芎,1.5,桂枝,1.5,蒲黄,1.5,益母草,2.0,三七,1.0,大枣,1.5,干姜,1.0,党参,2.0
当归,2.0,川芎,2.0,白芍,2.0,生地,2.0,桃仁,1.5,红花,1.0,蒲黄,1.5,益母草,3.0,防风,1.5,元胡,1.5,黄柏,1.0,甘草,1.0
当归,2.0,生地,2.0,川芎,1.5,白芍,1.5,桃仁,1.5,红花,1.0,柴胡,1.5,枳壳,1.5,益母草,3.0,蒲黄,1.5,薏苡仁,2.0,车前子,2.0
虎头骨,62.5,朱砂,15.625,恒山,31.25,甘草,31.25,牡蛎,62.5,肉桂,31.25,知母,62.5,淡豆豉,103.5,乌梅,62.5,附子,31.25,枳壳,15.625,木香,31.25,大黄,62.5,桃仁,1185.2330523592184,尖双仁,38.466109154929576
疥虾蟆,1.0,酒浸,57.69679752066116,木香,0.3125,胡连,15.625,木鳖子,15.625,沉香,0.3125,公丁香,24.963914539959706,干姜,3.125,巴豆,43.787434360730586,去心膜并油,1.0,并纸裹,1.0,用重物去油,1.0
陈皮,197.82334370588237,木香,617.0711673559962,青皮,50.8602246,枳壳,1336.029197939004,甘草,354.23781785240715,茯苓,1224.6993028423487,山楂肉,43.5869140625
附子,22.5,干姜,150.0,狗肉,750.0,蒜头,30.0,花生油,50.0
柴胡,12.0,枳壳,10.0,白芍,20.0,陈皮,10.0,川芎,10.0,乌梅,12.0,甘草,3.0
生地黄汁,1000.0,生姜汁,500.0,枸杞根汁,1500.0,荆沥,2500.0,竹沥,2500.0,人参,250.0,天冬,250.0,茯苓,187.5,栀子仁,125.0,大黄,125.0
鲤鱼肉,300.0,葱白,229.2373263888889,麻子,15.0
白术,31.25,人参,0.9375,当归,31.25,木香,15.625,陈皮,31.25
柳树枝,10.0,桑枝,10.0,槐树枝,10.0,榆树枝,10.0,桃树枝,10.0,乳香,10.0,制没药,10.0,樟丹,60.0,香油,120.0
玄参,62.5,麦冬,31.25,锦地罗,31.25,生甘草,31.25,桔梗,15.625,川贝,15.625
天麻,31.25,独活,31.25,麻黄,15.625,乌头,62.5,芎?,0.9375,干蝎,15.625,当归,15.625
车前子,31.25,人参,31.25,草决明,31.25,黄连,31.25,黄芩,31.25,大黄,31.25,细辛,31.25,甘草,15.625
番砂,3.125,白丁香,3.125,轻粉,3.125,乳香,3.125,蜈蚣,3.125,血竭,6.25,麝香,6.25,金顶砒,1.875
生地,3091.7748686596155,当归,10987.001312767188,荆芥,35.38129737609329,防风,336.8507284846786,薄荷,38.66606558596074,菊花,2431.8158118736383,密蒙花,60.347539344262294,木贼,41.1182688034188,蒺藜,3327.9756640625,蝉蜕,2313.9348782301363,紫草茸,18.051923076923078,甘草,354.23781785240715,灯心草,24.634722222222223,姜,124.66346153846153
黄芪,3.0,苍术,3.0,升麻,3.0,人参,15.0,泽泻,15.0,神曲,15.0,陈皮,15.0,白术,15.0,麦冬,0.9,当归身,0.9,甘草,0.9,青皮,0.9,黄柏,1279.2662360594795,葛根,0.6,五味子,4218.402856261896
活鲤鱼,250.0,赤小豆,200.0,花生米,100.0,大蒜,184.545,茶叶一小撮,1.0
薤白,9028.832608695651,青皮,50.8602246,生地,1.5,益母草,2.0
银,156.25,石膏,62.5,寒水石,62.5,蚕蛹茧,62.5
豹骨,125.0,木瓜,187.5,黄芪,250.0,白芍,250.0,黄柏,250.0,当归,250.0,山药,125.0,锁阳,125.0,枸杞子,125.0,龟板,125.0,菟丝子,125.0,破故子,187.5,杜仲,187.5,五味子,187.5,川牛膝,500.0,熟地,1000.0
桑枝,3.0,秦艽,2.0,川芎,3.0,白芍,2.0,生地,3.0,老鹳草,3.0,络石藤,3.0,川乌,1.0,甘草,1.0
蔓菁花,31.25,日[扌采],1.0
柴胡,9.0,大黄,9.0,乌梅,9.0,川楝子,9.0,车前子,9.0,黄芩,12.0,枳实,10.0,花椒,6.0,槟榔,30.0,苦楝皮,30.0,白芍,15.0,使君子,15.0
川羌,673.6419821333334,石膏,128.38740990274093,知母,4255.6149600440285,玄参,4068.169508592881,山豆根,15.15517515923567,紫草,12089.421398891967,红花,2603.750986199316,当归,10987.001312767188,丹皮,406.3041199840447,犀角,19.708579328165374,大黄,3564.747857189986,地龙,34.67627906976744
柴胡,10.0,黄芩,10.0,法夏,10.0,党参,10.0,身杆,10.0,地龙,10.0,乌梅,10.0,苍耳子,10.0,辛夷花,10.0,干姜,6.0,甘草,6.0,大枣,128.20968790637193
泽泻,20.0,白术,15.0,制半夏,15.0,干姜,10.0,茯苓,15.0,天麻,10.0,川芎,5.0,龙骨,30.0
地榆,30.0,紫草,60.0,黄连,20.0,黄柏,20.0,白芷,30.0,金银花,20.0,大黄,20.0
琥珀,31.25,芫花,0.9375,黄柏,0.9375,当归,0.9375,干漆,31.25,肉桂,0.9375,大黄,31.25
连翘,22.5,当归,9.0,甘草,3.0,金银花,7851.73124656782,红藤,17932.669181034482
冰片,50.0,硼砂,500.0,朱砂,60.0,玄明粉,500.0
熟地,3.0,当归,3.0,白芍,3.0,川芎,3.0,藁本,2.1,前胡,2.1,防风,2.1
附子,31.25,川乌头,31.25,乌梢蛇,62.5,干蝎,31.25,天麻,31.25,天南星,31.25,白附子,31.25,防风,31.25,僵蚕,31.25,蝉蜕,31.25,麻黄,31.25,藿香,31.25
胡桐泪,31.25,朱砂,15.625,麝香,0.3125
天花粉,60.0,山药,60.0,生黄耆,24.0,生地,30.0,钩藤,18.0,玉竹,18.0,杜仲,12.0,泽泻,12.0,五味子,3.0
泽兰,35.18033992537313,秦艽,31.94714411463664,川羌,673.6419821333334,独活,39.46852728351127,香附,193.26728386303444,当归,10987.001312767188,苏木,38.00161372950819,木瓜,83.05614370748299,续断,1578.355338484252,五加皮,44.99641970021413,乌药,2655.4016037735846,荆芥,35.38129737609329,红花,2603.750986199316,杜仲,58.80122855967078,枳壳,1336.029197939004,甘草,354.23781785240715
大枣,128.20968790637193,巴豆,43.787434360730586
苍术,18.0,厚朴,15.0,陈皮,12.0,藿香,30.0,紫苏,20.0,半夏,15.0,白豆蔻,10.0,石菖蒲,6.0,木香,12.0,大腹皮,15.0,沉香,10.0,青皮,12.0
枸杞子,0.0,菊花,0.0,山萸肉,0.0,山药肉,0.0,丹皮,0.0,泽泻,0.0,熟地,0.0,茯苓,0.0
木防己,20.0,石膏,30.0,金银花,30.0,桂枝,12.0,薏苡仁,12.0,苍术,12.0,杏仁,15.0,滑石,15.0,紫菀,15.0,黄柏,10.0,通草,10.0,麻黄,5.0
苍术,11364.138459840537,紫苏,41.73386983082707,防风,336.8507284846786,赤苓,1986.3698282786886,淡豆豉,205.5813940107273,藿香,9670.01436756473,陈皮,197.82334370588237,厚朴,845.3039136349054,甘草,354.23781785240715
苍术,3.125,白术,3.125,陈皮,2.5,厚朴,2.1875,枳壳,3.125,白芍,3.125,木香,1.5625,槟榔,3.125
白芷,30.0,川芎,13.0,川乌,13.0,甘草,13.0
枸杞子,30.0,覆盆子,30.0,五味子,30.0,车前子,30.0,川木通,24.0,枳壳,6.0,大黄,6.0
瞿麦,31.25,滑石,31.25,防风,31.25,冬葵子,31.25,川木通,31.25,夏枯草,31.25,生干地黄,31.25,甘草,15.625
黄芪,30.0,杜蒺藜,30.0,川楝子,30.0,小茴香,30.0,川乌,30.0,赤小豆,30.0,地龙,30.0,防风,30.0,乌药,60.0
地骨皮,31.25,茯神,0.9375,天花粉,31.25,黄连,31.25,石膏,62.5,甘草,15.625,麦冬,31.25,黄芩,31.25,远志,0.9375
当归,15.625,白芍,15.625,柴胡,6.25,川羌,6.25,半夏,6.25,白芥子,6.25,陈皮,3.125,秦艽,6.25,附子,0.9375
黄芩,15.625,朴消,15.625,葛根,31.25
柴胡,12.0,白芍,20.0,枳壳,12.0,半夏,15.0,陈皮,12.0,龙胆草,12.0,黄芩,12.0,干姜,5.0,郁金,12.0,川楝子,15.0,元胡,15.0,槟榔,15.0,地榆,12.0,建典,15.0,甘草,6.0
土茯苓,15.0,当归,4.5,白芷,4.5,皂角刺,4.5,薏苡仁,4.5,白鲜皮,3.0,木瓜,3.0,金银花,3.0,川木通,3.0,甘草,1.5
黄连,1.5,黄芩,1.5,半夏,1.5,陈皮,1.5,茯苓,1.5,泽泻,1.5,薏苡仁,2.0,白术,1.5,麦冬,1.5,黄芪,2.0
麦冬,1.5,黄芩,1.5,芦根,2.0,蝉蜕,1.5
夜明沙,17.403846153846153,木贼,41.1182688034188,防风,336.8507284846786,田螺壳,6.25,青木香,34.23495762711864,细辛,815.1171012754222
赤苓,46.875,人参,0.3125,甘草,15.625
苁蓉,1.5625,山药,1.5625,远志,1.25,蛇床子,1.875,菟丝子,1.875,五味子,2.1875,山萸肉,2.1875,天雄,2.5,巴戟天,3.125
舶上茴香,31.25,芦巴子,31.25,破故子,31.25,白龙骨,31.25,木香,46.875,胡桃肉,111.74537037037037,羊石子,1.0,炙熟,1.0
都惏藤,1.0,黄藤,45.0,虎口长,1.0
金银花,30.0,连翘,20.0,荆芥,15.0,薄荷,12.0,桔梗,15.0,前胡,15.0,杏仁,15.0,黄芩,15.0,芦根,30.0,瓜蒌,15.0,半夏,12.0,桑白皮,30.0,大黄,10.0
婴粟壳,3.0,乌梅,3.0,法夏,3.0,山药,3.0
乳香,93.75,没药,93.75,木香,125.0,厚朴,187.5,大黄,187.5
车前草,30.0,金钱草,30.0,威灵仙,30.0,凤尾草,30.0,灯芯草,6.0,通草,18.0
白葵花,3.0,甘草,3.0,郁李仁,3.0,柴胡,3.0,干姜,6.0,人参,6.0,生黄芩,3.0,陈皮,1.5
三棱,9.0,莪术,9.0,红花,15.0,陈皮,15.0,大黄,30.0
生地,12.0,白芍,3.0,丹皮,4.5,麦冬,4.5,石斛,6.0,天麻,2.4,菊花,6.0,石决明,24.0,柴胡,2.4,桑叶,3.0,薄荷,3.0,磁石,15.0
当归,10000.0,黄精,10000.0
鹿角,5000.0,用淫羊藿,500.0,当归,125.0,蜂蜡,62.5,如法熬,1.0,去滓成胶,1.0,取鹿角胶,500.0,角焙燥,1.0,天冬,125.0,麦冬,125.0,黄柏,93.75,知母,93.75,虎胫骨,93.75,龟板,93.75,枸杞子,125.0,干山药,125.0,肉苁蓉,7068.094698206278,去浮甲,1.0,白膜,125.0,茯苓,125.0,山萸肉,125.0,破故子,125.0,生地,125.0,当归,125.0,菟丝子,4759.068369565218,捣成饼,187.5,熟地,187.5,白芍,93.75,牛膝,93.75,杜仲,93.75,人参,93.75,白术,93.75,五味子,31.25,酸枣仁,31.25,远志,62.5,甘草,62.5,砂仁,31.25
赤苓,1986.3698282786886,冬葵子,11499.62974137931
雄鸡屎,31.25,川芎,31.25
栀子,9.0,黄柏,9.0,甘草,6.0
干姜,31.25,巴豆,62.5,大黄,62.5
柴胡,3239.1224583879557,黄芩,1889.4297681242992,人参,238.61331706462494,半夏,1952.4845006093487,陈皮,197.82334370588237,茯苓,1224.6993028423487,草果,53.831829896907216,甘草,354.23781785240715
黄芪,30.0,党参,30.0,五味子,15.0,破故子,15.0,白术,15.0,麦冬,20.0,当归,12.0,茯苓,12.0,陈皮,12.0,半夏,12.0
柴胡,3239.1224583879557,黄芩,1889.4297681242992,半夏,1952.4845006093487,甘草,354.23781785240715,当归,10987.001312767188,川芎,1634.998533820059,白芍,1669.2705578573068,熟地,1021.6623106185567,元胡,1245.6221151298357,木香,617.0711673559962,麦冬,3452.435010630408,杏仁,5418.4951798080165
冬葵子,31.25,滑石,0.9375,黄芩,0.625,瞿麦,0.9375,灯心草,0.3125,白石英粉,31.25,防葵,15.625,甘草,0.3125
川芎,9.375,当归,18.75,干姜,1.25,桃仁,1185.2330523592184,甘草,1.5625,荆芥,1.5625
黄芪,12.0,薏苡仁,12.0,党参,10.0,获苓,10.0,血余炭,10.0,赤石脂,10.0,白芍,10.0,白术炭,6.0,陈皮,6.0,柴胡,6.0,厚朴,6.0,黄连,6.0
当归,15.0,川芎,10.0,川楝子,10.0,元胡,15.0,五灵脂,10.0,生白芍,30.0,乌药,10.0,小茴香,6.0,丹参,15.0,琥珀,1.0,甘草,5.0
茯苓,0.0,桂枝,0.0,白术,0.0,甘草,0.0
五倍子,100.0,诃子,100.0,白矾,100.0,白芨,100.0,麻黄,100.0,细辛,50.0
人参,238.61331706462494,黄芪,7211.233470367505,熟地,1021.6623106185567,当归,10987.001312767188,川芎,1634.998533820059,白术,581.2030526011905,白芍,1669.2705578573068,木香,617.0711673559962,肉桂,43.55604937509526,甘草,354.23781785240715,茯苓,1224.6993028423487,青皮,50.8602246
泽泻,4.6875,枳壳,4.6875,黑丑,6.25,槟榔,4.6875,赤芍,4.6875,川木通,4.6875,赤苓,9.375,猪苓,4.6875,陈皮,4.6875
木香,12.0,砂仁,10.0,陈皮,197.82334370588237,半夏,15.0,党参,30.0,白术,15.0,黄连,10.0,枳壳,12.0,白芍,15.0,柴胡,10.0,麦芽,20.0,甘草,6.0
砂仁,120.0,乌梅,120.0,草果,120.0,甘草,120.0,葛根,60.0,白扁豆,60.0
玄参,30.0,甘菊花,15.0,麦冬,15.0,升麻,9.0,羚羊粉,4.5,生地,15.0,荆芥,9.0
白胶香,15.625,沥青,273.5817307692308,蜂蜡,9.375,小油,9.375,没药,6.25,乳香,7.8125
基黄,30.0,板蓝根,15.0,北楂肉,15.0,秦艽,10.0,碧玉散,10.0
蛇床子,15.0,地骨皮,9.0,花椒,6.0,白矾,6.0,苦参,9.0
高良姜,156.25,厚朴,845.3039136349054,姜汁涂,62.5,当归,93.75,肉桂,93.75
附子,640.5341432562902,人参,238.61331706462494,白术,581.2030526011905,干姜,487.4687744460294,甘草,354.23781785240715,吴茱萸,50.791692330827075,肉桂,43.55604937509526,当归,10987.001312767188,陈皮,197.82334370588237,厚朴,845.3039136349054
冰硼散,1.5875,六一散,30.0
冰片,3.125,天南星,31.25,朱砂,31.25,坯子染胭脂,31.25,天竹黄末,31.25
鼠妇虫,724.5,淡豆豉,724.5,巴豆,43.787434360730586
芜荑,51.399012500000005,芦荟,15.09142884057971,青黛,9783.004481622747,川芎,1634.998533820059,白芷梢,13.965277777777779,胡连,2617.29484375,黄连,1820.4245573983599,虾蟆灰,8.091517857142858
白术,15.625,人参,15.625,厚朴,0.9375,黄连,15.625,当归,15.625,地榆,15.625,木香,15.625,榉树皮,15.625,甘草,15.625
白术,581.2030526011905,白芍,1669.2705578573068,茯苓,1224.6993028423487,当归,10987.001312767188,薏苡仁,6810.238835877863,白扁豆,43.299431818181816,神曲,55.22764510968921,陈皮,197.82334370588237,甘草,354.23781785240715
金银花,30.0,连翘,20.0,杏仁,12.0,芦根,30.0,前胡,20.0,桔梗,12.0,百部,12.0,紫菀,12.0,荆芥,10.0,薄荷,10.0,黄芩,12.0,僵蚕,12.0,甘草,6.0
芦荟,15.625,人参,15.625,柏子仁,31.25,羚羊粉,62.5,细辛,31.25,甘草,0.3125,牛胆,0.3125
地骨皮,0.9375,黄芪,0.9375,甘草,15.625,麦冬,15.625,肉桂,15.625,粳米,31.25
柽柳花,6.25,无叶用枝,1.0,蛤壳,116.14513036809817,当归,10987.001312767188,甘草,354.23781785240715
当归尾,2.0,赤芍,2.0,川芎,1.5,生地,2.0,桃仁,1.5,红花,1.0,柴胡,1.0,枳壳,1.5,大黄,1.0,黄芪,2.0
肉桂,93.75,干姜,46.875
生地,31.25,大黄,31.25,黄连,31.25,黄芩,31.25,柴胡,31.25,白芍,31.25,甘草,31.25
鸡苏茎叶,31.25,赤苓,31.25,甘草,15.625,半夏,31.25,桔梗,31.25,生干地黄,62.5,黄芪,31.25,麦冬,46.875
牛黄,15.625,冰片,15.625,干蝎,15.625,僵蚕,15.625,白附子,15.625,雄黄,31.25,朱砂,62.5,天麻,31.25,甘草,31.25,半夏,1952.4845006093487,琥珀,0.9375,麝香,0.3125,天南星,1187.3616815018313,乌梢蛇,78.8037109375
葱白,229.2373263888889,附子,640.5341432562902,白术,15.625,干姜,15.625,木香,6.25
生地,120.0,丹参,60.0,黄柏,15.0,牡蛎,45.0,山药,45.0,酸枣仁,45.0,茯苓,45.0,茯神,45.0,麦冬,45.0,五味子,30.0,车前子,30.0,远志,30.0
桃南瓜,260.0,195,1.0,500,1.0,冰糖,270.0,蜂蜜,30.0
人参,6.0,熟地,9.0,当归,7.5,白术,4.5,甘草,3.0
铅粉,1500.0,鹤虱,1500.0,槟榔,1500.0,苦楝根,1500.0,白矾,375.0
蒲黄,1319.8605325537294,青黛,9783.004481622747,硇砂,13.923728991596638,焰消,21.59243125,甘草,354.23781785240715
柳木耳,30.0,龙葵根,30.0,黄连,22.0,麦饭石,22.0,雄雀粪,15.0,乳香,30.0,杏仁,30.0,无孔者,1.0
露蜂房,324.8324311023622,窠,1.0,蛇蜕,40.889583333333334
黄芪,46.875,白蔹,31.25,赤芍,31.25,芎?,31.25,赤小豆,31.25,附子,15.625,羊桃根,15.625,闾茹,15.625,紫参,15.625
草乌,15.625,川乌,15.625,淮乌,15.625,烧盐,15.625,半夏,9.375,全蝎,9.375,白芷,9.375,天南星,4.6875,细辛,4.6875,花椒,62.84628698384417
百合,30.0,丹参,30.0,蒲公英,30.0,乌药,9.0,檀香,9.0,砂仁,6.0,大黄,6.0,良姜,10.0,香附,15.0,柴胡,15.0,三七粉,2.0,冲服,1.0
黄连,1.5,半夏,1.5,陈皮,1.5,茯苓,2.0,甘草,0.5,干姜,1.0,竹茹,2.0,枳实,1.5,龙骨,2.0,明沙参,2.0,五味子,1.0,麦冬,1.5
钱氏异功散,31.25,加青皮,3.125,砂仁,3.125,使君子肉,3.125
生地,30.0,山萸肉,12.0,石斛,15.0,麦冬,15.0,五味子,621000.0,石菖蒲,10.0,远志,6.0,茯苓,15.0,肉苁蓉,15.0,桂枝,9.0,淡附片,6.0,巴戟天,15.0
地龙,20.0,虎杖,30.0,丹参,20.0,黄连,30.0,黄柏,30.0,紫草,30.0,冰片,5.0
乳香,1.0,没药,1.0
蒺藜,62.5,川贝,62.5
地骨白皮,250.0,白杨皮,15.625,盐,31.25,白矾末,31.25
金银花,30.0,炒大黄,15.0,丹参,20.0,当归,2.0,红花,20.0,茯苓,15.0,黄柏,15.0,香附,12.0,牛膝,15.0
炉甘石,250.0,于银石器内煮一伏时,1.0,去黄连,1.0
白术,581.2030526011905,附子,640.5341432562902,干姜,487.4687744460294,肉桂,43.55604937509526,赤石脂,31.25
熟地,24.0,山萸肉,12.0,山药,12.0,枸杞子,12.0,怀牛膝,12.0,龟版胶,12.0,菟丝子,12.0,保首乌,15.0,丹参,15.0
当归,0.9375,阿胶,0.9375,蒲黄,0.9375,熟干地黄,0.9375,龙骨,15.625,芎?,15.625,水牛角,15.625
公鸡,1.0,用,266.375,腿骨共,1.0,烧灰存性,1.0
黄芪,30.0,桂枝,15.0,当归,15.0,地龙,15.0,牛膝,15.0,鸡血藤,15.0,川芎,10.0,丹参,10.0,桃仁,10.0,甘草,3.0
人参,238.61331706462494,苏叶,3367.666125328084,葛根,2264.475711412396,桔梗,995.6308122465315,北柴胡,21.927325581395348,黄芩,1889.4297681242992,陈皮,197.82334370588237,甘草,354.23781785240715
鲮鲤甲,90.0,肉桂,30.0,当归,30.0,面,10.0,附子,30.0,生姜汁,271.53541666666666,生地黄汁,628.2934782608696
金银花,15.0,连翘,15.0,蒲公英,15.0,生地,6.0,栀子,9.0,滑石,15.0,扁蓄,15.0,瞿麦,15.0,川木通,9.0,车前子,9.0,大黄,6.0,竹叶,6.0
吴茱萸,30.0,陈皮,30.0,苍术,30.0,黄连,30.0,黄芩,30.0,桔梗,30.0,茯苓,30.0,半夏,30.0
麻黄,10.0,杏仁,9.0,炙桑白皮,12.0,防风,15.0,白果,12.0,全瓜萎,10.0,旋覆花,10.0,地龙,30.0,制僵蚕,15.0,全蝎,15.0
丹参,25.0,丹皮,15.0,桑白皮,15.0,荆芥,15.0,白鲜皮,15.0,蒺藜,3327.9756640625,连翘,15.0,白芷,15.0,防风,10.0,蝉蜕,10.0,生地,10.0,僵蚕,10.0,全蝎,5.0,蜈蚣,12.605232558139534
人参,238.61331706462494,甘草,354.23781785240715,茯苓,1224.6993028423487,白术,581.2030526011905,陈皮,197.82334370588237,半夏,1952.4845006093487
牛膝,30.0,代赭石,30.0,龟板,15.0,天冬,15.0,生白芍,15.0,龙骨,15.0,牡蛎,15.0,玄参,15.0,茵陈蒿,6.0,川楝子,6.0,麦芽,6.0,生甘草,6.0
火麻仁,9.0,松子仁,9.0,小枳实,4.5,大腹皮,6.0,杏仁,9.0,生川军,3.0,油木香,1.5,猪胰,3.0
生地黄汁,310.5,干姜,31.25,粳米,310.5
射干,30.0,川升麻,30.0,枳实,30.0,大黄,30.0,甘草,45.0,麝香,7.5,前胡,45.0,羚羊角屑,22.0
党参,15000.0,甘草,6.0
麦冬,3.125,天冬,3.125,远志,3.125,当归,3.125,白芍,3.125,生地,3.125,人参,3.125,黄芪,3.125,丹皮,3.125,阿胶,3.125,甘草,3.125
葛根,0.0,全蝎,10.0,蜈蚣,2.0,乌梢蛇,13.0,赤芍,13.0,川芎,13.0,自然铜,13.0,穿山龙,13.0,木瓜,13.0,鹿衔草,30.0,黑木耳,10.0,甘草,6.0
诃黎勒皮,46.875,熟干地黄,31.25,附子,0.9375,甘草,15.625,肉桂,0.9375,黄芪,0.9375,紫菀,0.9375,五味子,0.9375,木香,0.9375,人参,0.9375,桃仁,0.9375,尖双仁,38.466109154929576,当归,0.9375
薄荷,31.25,藿香叶,31.25,芥穗,31.25,甘松,31.25,白芷,31.25,防风,31.25,川芎,31.25,桔梗,31.25,僵蚕,31.25,甘草,31.25,藁本,31.25,细辛,15.625
鸡内金,38774.990064794816,黄芪,15.625,桑螵蛸,0.9375,牡蛎,15.625,甘草,0.3125
白头翁,30.0,黄柏,15.0,黄连,12.0,秦皮,15.0,蒲公英,30.0,白芍,20.0,麦冬,15.0,生地,15.0,煨木香,15.0,元胡,15.0,大黄,10.0,当归,15.0,生甘草,6.0
栀子,10.0,黄柏,10.0,甘松,10.0,白矾,10.0,甘草,10.0,茵陈蒿,30.0,苍术,20.0,黑矾,20.0
千里光,259.3828125,把,31.25,苍术苗,1.0,中把,1.0,朝东墙头草,1.0,小把,1.0
柴胡,36.0,草龙胆,30.0,土瓜根,30.0,黄芩,21.0,当归梢,15.0,生黄芩,15.0,广茂,15.0,三棱,15.0,连翘,15.0,白芍,15.0,甘草,9.0,黄连,6.0,苍术,6.0
桑叶,24.0,菊花,15.0,薄荷,12.0,荆芥,12.0,蝉蜕,12.0,桔梗,12.0,杏仁,12.0,前胡,15.0,连翘,15.0,芦根,30.0,化橘红,10.0,甘草,6.0
石膏,7.5,牡蛎,15.0,滑石,7.5
蚕蜕纸,1.0,棕榈,87.95340909090909
多年燕子窝,1.0,皂角,64.04434795698926,熟地,31.25,当归,31.25,淫羊藿,46.875,硼砂,62.5,生地,78.125,细辛,46.875,白盐,250.0,木鳖子,166.7596153846154,川楝子,31.25,大青盐,62.5,威灵仙,31.25,白芷,31.25,藿香叶,31.25,酸榴皮,31.25,川百药煎,46.875,黑牵牛,31.25,川芎,31.25,核桃仁,143.92045454545453,酒醋,1500.0
石膏,100.0,麻黄,3.0,桂枝,6.0,炙川军,5.0
柴胡,31.25,白芍,31.25,黄芩,31.25,枳壳,31.25,人参,31.25,当归,31.25,半夏,15.625
蛤壳,312.5,二百两,312.5,牙硝,312.5,朱砂,312.5,人参二十,156.25,雄黄,994.5539331168832,七十,156.25,冰片,125.0,甘草五,312.5,金箔,1265.775,银箔,31.416666669150192,牛黄,62.5
阿胶,46.875,赤芍,31.25,当归,31.25,柴胡,31.25,麦冬,46.875,黄芩,31.25,茯苓,31.25,白术,31.25,甘草,15.625
丹皮,10.0,黛蛤散,10.0,桑白皮,10.0,地骨皮,10.0,葶苈子,10.0,炒山栀,6.0,百部,6.0,生甘草,3.0
金钱草,250.0,茵陈蒿,250.0,黄芩,75.0,木香,75.0,郁金,75.0,大黄,125.0,槟榔,125.0,枳实,50.0,芒硝,25.0,厚朴,50.0
莪术,10.0,硼酸,25.0,陈石灰,14.0
当归,9.375,罂粟壳,9.375,甘草,9.375,地榆,9.375,川木通,9.375,乌梅,9.375,陈皮,9.375,诃子,9.375,木香,9.375
连翘,2302.4199358828873,荆芥,35.38129737609329,防风,336.8507284846786,甘草,354.23781785240715
白术,0.9375,陈皮,31.25,人参,0.9375,麦糵,31.25,附子,31.25,川芎,0.9375,肉桂,0.9375,厚朴,46.875,诃子,31.25
安息香,62.5,附子,62.5,虎胫骨,62.5
何首乌,12.0,木瓜,12.0,钩藤,9.0,麦芽,9.0,海螵蛸,15.0,桂枝,3.0
白矾,15.0,相和,15.0,于砂锅内,15.0,密陀僧,15.0,白垩,6.0,樟丹,3.0,轻粉,3.0,乳香,1.5,麝香,7.009714769765422
罂粟花,1.0,麻油,120.0,蜂蜡,9.0,轻粉,6.0
白英,156.25,白蔹,93.75,紫草,62.5,芒消,62.5,大黄,62.5,茵陈蒿,31.25,葶苈子,31.25,厚朴,31.25,枳壳,31.25
乳香,10.3,钟乳石,13.75,血竭,7.8,蛇床子,44.0,硇砂,10.94,硼砂,1.25,儿茶,11.25,樟丹,42.2,没药,0.94,雄黄,13.75,麝香,1.25,白矾,609.4
龙胆草,1.5,黄柏,1.0,胆南星,1.5,鱼腥草,2.0,制大黄,1.5,薏苡仁,2.0,苍术,1.5,白芷,1.5,藿香,2.0,僵蚕,1.5,半夏,1.0,川芎,1.5,天麻,1.0
白扁豆,7.8125,莲子,7.8125,人参,7.8125,茯苓,4.6875,神曲,7.8125,甘草,3.125,白芷,3.125,木香,3.125,黄芪,3.125
海螵蛸,300.0,白芨,500.0,香附,250.0,党参,250.0,三七,250.0,元胡,100.0,白矾,100.0,鸡内金,500.0,血竭,50.0,大黄,250.0,当归,250.0,甘草,250.0,蜂花粉,1000.0,松香,50.0,花椒,200.0
桂枝,1.0,茯苓,2.0,赤芍,1.5,桃仁,1.5,元胡,1.5,川楝子,1.5,香附,1.5,蒲公英,2.0,薏苡仁,2.0,青皮,1.5,土茯苓,2.0,黄柏,1.5,苍术,1.5
槟榔,23.4375,甘草,23.4375,木香,23.4375,陈皮,23.4375,芎?,23.4375,白术,23.4375,大腹皮,31.25,川羌,31.25,苏叶,31.25,木瓜,31.25,沉香,31.25
黄连,31.25,犀角屑,31.25,地肤子,31.25,草决明,31.25,黄芩,31.25,苦参,31.25,玄参,31.25,车前子,31.25,川朴消,62.5,龙胆草,62.5
萆薢,31.25,狗脊,31.25,肉桂,0.3125,槟榔,15.625,吴茱萸,0.3125,桑根白皮,0.9375,大黄,31.25
炒黄连,2.1875,泽泻,2.5,山药,2.5,甘草,1.5625,白扁豆,4.6875,白芍,1.875,茯苓,2.5,木香,0.3125,山楂肉,3.125,丹皮,2.1875,白术,2.1875,陈皮,1.5625
麻黄,37629.41088295852,掠去沫,31.25,白芍,31.25,甘草,31.25,肉桂,15.625,细辛,15.625
前胡,12.0,杏仁,9.0,桑叶,12.0,知母,12.0,麦冬,9.0,黄芩,9.0,金银花,15.0,款冬花,15.0,枇杷叶,12.0,桔梗,9.0,甘草,6.0
人参,238.61331706462494,牛膝,3405.7403699907663,熟地,1021.6623106185567,麦冬,3452.435010630408,山萸肉,5818.144424453841,五味子,4218.402856261896,枸杞子,5544.381732902973,胡桃,82.27083333333333,故纸,88.87678571428572
人参,3.125,白术,3.125,黄芪,1.5625,川芎,1.5625,陈皮,1.5625,甘草,0.9375
龟板,0.0,牡蛎,0.0,鳖甲,0.0,龙骨,0.0,阿胶,0.0,生地,0.0,白芍,0.0,甘草,0.0,女贞子,0.0,旱莲草,0.0
川芎,1.5,白芍,2.0,乳香,1.0,没药,1.0,姜黄,1.0,川羌,1.0,防风,1.5,桑枝,3.0,络石藤,2.0,钩藤,1.5,金钱草,2.0
甘草,31.25,白术,31.25,阿胶,31.25,干姜,31.25,黄芩,31.25,伏龙肝,103.5
白芍,250.0,当归,62.5,公丁香,62.5,海桐皮,62.5,肉桂,62.5,莪术,62.5,人参,62.5,干姜,125.0,茯苓,125.0,香附,125.0,白术,125.0,甘草,125.0,山药,125.0
干姜,487.4687744460294,片切,125.0,公丁香,31.25,附子,31.25
蒺藜,15.625,淡豆豉,15.625,鼠妇,0.3125,大黄,0.3125,肉桂,0.3125,细辛,0.3125
莲子,62.5,附子,62.5,巴戟天,62.5,破故子,62.5,山萸肉,31.25,覆盆子,31.25,龙骨,15.625
人参,10.0,炙黄芪,10.0,桂枝,10.0,白芍,10.0,干姜,10.0,大枣,128.20968790637193
附子,640.5341432562902,人参,15.625,小茴香,0.3125,茯苓,0.3125,山药,0.3125,甘草,0.9375,干姜,0.9375
郁金,31.25,黄连,31.25,黄芩,31.25,糯米,310.5
逍遥散加丹皮,1.0,栀子,2948.1763606039326
生冬葵根,1000.0,绞取汁,310.5,干姜,125.0,绞取汁,103.5
款冬花,31.25,麻黄,31.25,甘草,31.25,杏仁,31.25
防己,62.5,甘草,31.25,黄芪,31.25,麻黄,37629.41088295852,先煎,22.5,掠去沫,31.25,白术,46.875
薏苡仁,15.0,滑石,15.0,鸭跖草,15.0,茯苓,12.0,连翘,9.0,通草,4.0,黄芩,6.0,淡竹叶,6.0,紫草,6.0,牛蒡子,6.0,鲜空心苋,50.0
雄黄,31.25,人参,15.625
干漆,7.8125,雄黄,7.8125,芜荑,9.375,狗脊,9.375,巴豆,3.125
朱砂,15.625,千金子,0.9375,轻粉,3.125
陈皮,197.82334370588237,半夏,1952.4845006093487,茯苓,1224.6993028423487,白术,581.2030526011905,苍术,11364.138459840537,砂仁,45.020258317713214,山药,5603.69179344692,车前子,8976.462136476426,川木通,1718.3844664931685,厚朴,845.3039136349054,甘草,354.23781785240715
大黄,93.75,枳壳,93.75,白芍,93.75,山栀子仁,62.5,黄芩,62.5
苍术,125.0,醋浸,31.25,泔水浸,31.25,盐水浸,108.1875,芦巴子,31.25,破故子,31.25,覆盆子,6.25,小茴香,3.125,川楝子,31.25,木香,15.625,山药,9.375,穿山甲,9.375,地龙,9.375,茯苓,9.375,枸杞子,9.375,牛膝,9.375
石菖蒲,31.25,枸杞子,31.25,茯苓,31.25,人参,31.25,山药,31.25,泽泻,31.25,菟丝子,31.25,肉苁蓉,31.25
麻黄,156.25,肉桂,125.0,干姜,93.75,甘草,62.5,附子,640.5341432562902
蒺藜,31.25,防风,31.25,甘草,31.25,僵蚕,31.25,天南星,46.875,大青盐,15.625,水煮透,1.0,取出焙,1.0,甘菊花,93.75
人参,3.0,当归,3.0,白术,3.0,黄芪,3.0,五味子,3.0,山萸肉,3.6,肉苁蓉,3.6,麦冬,3.6,黄柏,3.6,生地,3.6
沙苑子,500.0,取净药,120.0,余滓用水泡三至五日,1.0,莲须,120.0,芡实,120.0,枸杞子,60.0,菟丝子,60.0,山萸肉,120.0,覆盆子,5467.99956445993,酒拌,60.0,续断,60.0,金樱子,90.0,真龙骨,41.666666666666664,火煅,15.0
甘草,15.0,黄芪,15.0,党参,12.0,生地,12.0,麦冬,12.0,茯苓,12.0,桂枝,10.0,白芍,10.0,郁金,10.0,佛手,10.0,干姜,6.0,大枣,128.20968790637193
香附,6.0,丹皮,3.0,红曲,3.0,川通草,3.0,穿山甲,3.0,降香,3.0,苏木,3.0,山楂肉,3.0,麦芽,3.0,红花,2.1
龙胆草,31.25,石菖蒲,37.45530315126051,漏芦,31.25,胡连,15.625,地榆,15.625,鸡肝,31.25,猪肝,31.25
熟地,20.0,当归,15.0,白芍,15.0,蒲黄,10.0,玉灵脂,10.0,海螵蛸,10.0,续断,10.0,龙骨,20.0,牡蛎,20.0,茜草,10.0,大黄,15.0
黄连,9.0,黄柏,9.0,锻石膏,12.0
穿山甲,15.625,白芷,15.625,防风,15.625,没药,15.625,甘草,15.625,白芍,15.625,川贝,15.625,金银花,9.375,陈皮,9.375,皂角刺,3.125
飞青黛,15.625,伏龙肝,62.5
龙胆草,7.5,鸡内金,10.0,川木通,7.5,莱菔子,10.0,川乙金,10.0,桃仁,2.5,陈皮,2.5,丝瓜络,10.0,麦芽,15.0,川厚朴,5.0
蜂蜡,281.25,蜂蜡,281.25,百草霜,15.625,铜绿,62.5
朱砂,31.25,雄黄,31.25
枳实,1397.8787468085106,白术,30.0
川芎,31.25,防风,31.25,川羌,31.25,甘草,15.625,木贼,31.25,石膏,31.25,石决明,31.25,荆芥,31.25,薄荷,31.25,甘菊花,31.25
党参,15.0,菟丝子,12.0,白术,12.0,桑寄生,10.0,杜仲,10.0,生地,15.0,黄芩,9.0,丹皮,9.0,栀子,9.0,阿胶,15.0
川羌,673.6419821333334,苍术,11364.138459840537,防风,336.8507284846786,赤苓,1986.3698282786886,猪苓,2750.2231424825172,泽泻,4820.977333449782,川木通,1718.3844664931685,白术,581.2030526011905,肉桂,43.55604937509526
槟榔,0.3125,没药,0.3125,盐,0.3125,麝香,0.3125,当归,0.3125,干蝎,0.3125,川芎,0.3125,樟丹,93.75,清油,156.25,垂柳枝,62.5
黄连,6.0,竹茹,15.0,半夏,12.0,陈皮,10.0,茯苓,12.0,枳壳,12.0,木香,12.0,甘草,6.0,鱼腥草,15.0
琥珀,31.25,当归,31.25,木香,31.25,川芎,31.25,防风,31.25,槟榔,31.25,三棱,40.625,干姜,40.625,肉桂,40.625,吴白术,15.625,柴胡,15.625,人参,15.625,青皮,23.4375,吴茱萸,23.4375,全蝎,23.4375,附子,23.4375,草蔻,23.4375,赤芍,23.4375,侧柏叶,23.4375,白芷,23.4375,天麻,23.4375,桃仁,46.875,败龟甲,46.875,鳖甲,46.875
真尖黄,1.0,提濂珠,1.0,三梅片,1.125,硼砂,1317.6962683150182,银粉霜,1.0,天竺黄,9488.18930678466,朱砂,244.87340367030203
黄连,3.125,甘草,3.125,苏梗,4.6875,牛蒡子,4.6875,玄参,4.6875,赤芍,4.6875,荆芥,4.6875,连翘,4.6875,黄芩,4.6875,天花粉,4.6875,射干,4.6875,防风,4.6875
生地,60.0,当归,30.0,白芍,30.0,续断,30.0,白术,30.0,川芎,30.0
党参,20.0,白术,12.0,茯苓,12.0,陈皮,10.0,桔梗,10.0,砂仁,10.0,山楂,12.0,建曲,12.0,谷芽,15.0,杏仁,10.0,半夏,10.0
珍珠,0.9375,牛黄,0.9375,琥珀,1.5625,胆南星,6.25,白附子,6.25,蝉蜕,6.25,僵蚕,6.25,茯苓,6.25,皂角,6.25,防风,6.25,茯神,6.25,天竺黄,3.125,橘红,3.125,甘草,3.125,薄荷,3.125,朱砂,3.125,天麻,9.375,全蝎,1950.833678529755,礞石,9.375,冰片,0.9375,麝香,0.9375
黄连,12.0,吴茱萸,3.0,木香,15.0,白芍,18.0,秦皮,12.0,白头翁,20.0,黄芩,12.0,半夏,15.0,陈皮,10.0,槟榔,15.0,防风,10.0,甘草,6.0
槟榔,15.0,草果,15.0,知母,15.0,厚朴,10.0,黄芩,12.0,甘草,3.0
红藤,30.0,蒲公英,30.0,茯苓,10.0,薏苡仁,12.0,赤芍,15.0,丹皮,10.0,败酱草,30.0,当归,10.0,丹参,20.0,香附,10.0
广茂,0.6,红花,0.6,升麻,0.6,吴茱萸,0.6,生甘草,0.9,柴胡,0.9,泽泻,0.9,神曲,0.9,青皮,0.9,陈皮,0.9,厚朴,1.5,黄芩,1.5,黄连,1.5,益智仁,1.5,草豆蔻仁,1.5,当归梢,1.5,半夏,2.1
桑叶,2.0,栀子,1.5,丹皮,1.5,地骨皮,2.0,生地,2.0,白芍,2.0,赤芍,1.5,枳壳,1.5,川楝子,1.5,青皮,1.5,合欢皮,1.5,刺力,1.5
鹿角霜,31.25,肉苁蓉,7068.094698206278,附子,31.25,巴戟天,31.25,花椒,31.25
犀角,62.5,旋覆花,62.5,白术,62.5,肉桂,62.5,防己,62.5,黄芩,62.5,淡豆豉,500.0,陈皮,62.5,茯苓,62.5,前胡,125.0,桑白皮,125.0,紫苏茎叶,27.28974609375,大枣,128.20968790637193
苏子,75.0,半夏,75.0,川当归,45.0,甘草,60.0,前胡,30.0,厚朴,30.0,肉桂,45.0,干姜,487.4687744460294,苏叶五叶,1.0,大枣,128.20968790637193
防己,15.625,肉桂,0.9375,防风,0.9375,甘草,15.625,生地,1000.0
漏芦,62.5,白芨,62.5,黄芩,62.5,麻黄,62.5,白薇,62.5,枳实,62.5,升麻,62.5,白芍,62.5,甘草,62.5,大黄,62.5
蓖麻子仁,98.0,%五倍子末,2.0
当归,2.4,川芎,1.5,白芍,1.8,生地,3.0,黄连,1.8,黄柏,2.1,栀子,2.1,地榆,2.4,槐花,1.5,阿胶,1.8,侧柏叶,1.8
麻黄,37629.41088295852,乳香,34.097240675990676,没药,40.43479255319149,白芥子,2454.192769320843,牛膝,3405.7403699907663,川羌,673.6419821333334,秦艽,31.94714411463664,五灵脂,2277.420975457571,红花,2603.750986199316,桃仁,1185.2330523592184,甘草,354.23781785240715,土元,6902.047185430463,细辛,815.1171012754222,地龙,34.67627906976744,香附,193.26728386303444,全蝎,1950.833678529755
石膏,15.625,人参,9.375,白术,31.25,厚朴,6.25,天南星,9.375,半夏,9.375,陈皮,3.125,麦冬,31.25
赤苓,3.125,桑白皮,3.125,川贝,3.125,升麻,1.5625,甘草,1.5625,桔梗,1.5625,杏仁,1.5625,葶苈子,1.5625
黄连,100.0,蕤仁,32.027099025974024
人参,15.625,白术,15.625,甘草,3.125,香薷,3.125,茯苓,6.25,干姜,0.9375
桃,5000.0,柳,5000.0,莨菪,1000.0,藜芦,1000.0,乌头,1000.0,茵芋,1000.0,丹参,1000.0,楮叶,1000.0,白羊膻,1000.0,侧柏叶,1000.0,大黄,1000.0,射干,1000.0,桑甲,1000.0,藁本,1000.0,枣叶,1000.0,松叶,1000.0,吴茱萸,1000.0,盐,2500.0
黄连,3.0,葛根,5.0,苍术,5.0,厚朴,5.0,板蓝根,10.0,茯苓,10.0,泽泻,10.0,藿香,1035000.0,榴皮,10.0,神曲,10.0
红粉,0.0,石膏,0.0
槟榔,3.125,牛膝,3.125,防己,3.125,独活,3.125,秦艽,3.125,青木香,2.5,天麻,2.5,赤芍,2.5,桑枝,6.25,当归,1.5625
人参,15.625,茯苓,31.25,生甘草,6.25,金银花,31.25,牛膝,15.625,白术,31.25
大黄,31.25,炙大黄令干,1.0,又淬入姜汁中,1.0,如此淬尽,1.0
半夏,1952.4845006093487,麦冬,46.875,升麻,31.25,前胡,31.25,槟榔,1149.366431334761,陈皮,197.82334370588237,大黄,15.625,竹叶,77.97555650684932,生地,93.75
川升麻,0.3125,玄参,0.3125,射干,0.3125,百合,0.3125,马蔺根,0.3125,甘草,0.3125,马牙消,15.625
生地,3091.7748686596155,川芎,1634.998533820059,白芍,1669.2705578573068,当归,10987.001312767188,连翘,2302.4199358828873,紫草茸,18.051923076923078
陈皮,6.25,茯苓,9.375,半夏,9.375,甘草,9.375,枳实,6.25,竹茹,9.375
百合,50.0,白术,12.0,郁金,12.0,大枣,12.0,佛手,12.0,山药,30.0,浮小麦,3105000.0,石菖蒲,15.0,麦冬,15.0,远志,15.0,酸枣仁,15.0,北沙参,15.0
常山,62.5,干漆,0.9375,甘草,31.25,淡豆豉,103.5
菊花,20.0,苦参,20.0,当归,20.0,生黄芪,20.0,蒺藜,15.0,防风,15.0,桔梗,15.0,苍术,15.0,黄芩,15.0,牛膝,15.0,白芷,10.0,续断,10.0,生地,10.0,桂枝,5.0,薄荷,5.0
火麻仁,120.0,杏仁,60.0,大黄,120.0,木香,60.0,陈皮,120.0,白芍,60.0
川羌,673.6419821333334,独活,39.46852728351127,柴胡,3239.1224583879557,茯苓,1224.6993028423487,桔梗,995.6308122465315,五味子,4218.402856261896,黄芩,1889.4297681242992,薄荷,38.66606558596074,藁本,53.527722613636364,甘草,354.23781785240715,白芷,193834.84121991778,川芎,1634.998533820059,白芍,1669.2705578573068,蔓荆,18.73828125
沉香,15.625,南木香,12.5,公丁香,12.5,檀香,12.5,毕澄茄,15.625,片子白姜黄,15.625,陈橘红,9.375,青皮,9.375,粉大甘草,21.875,藿香,12.5,白豆蔻仁,15.625,乌药,15.625,人参,15.625,砂仁,9.375
炉甘石,31.25,红粉,3.125
草乌,15.625,白芷,31.25,五灵脂,62.5,川羌,62.5,苍术,93.75,乳香,31.25,自然铜,62.5
凤眼草,31.25,槐角,31.25,地榆,31.25,枳壳,31.25,芥穗,15.625,密陀僧,15.625,槐花,15.625
肉桂,31.25,当归,15.625,吴茱萸,15.625,赤芍,15.625,厚朴,31.25,涂生姜汁,28.104166666666668,槟榔,62.5,郁李仁,31.25
枳实,30.0,麦芽,30.0,神曲,30.0,白术,60.0
侧柏,62.5,黄芪,31.25,地榆,31.25,赤芍,31.25,吴茱萸,15.625,牛角腮,78.125,禹余粮,62.5,醋淬,41.11875,代赭,31.25
牡蛎,1244.8578535080956,枳壳,1.5,刺力,1.5,薄荷,1.0
附子,30.0,沉香,30.0,朱砂,30.0,枸杞子,30.0,母丁香,30.0,木香,30.0,阳起石,30.0,肉苁蓉,30.0,熟地,30.0,麝香,30.0,天雄,30.0,肉桂,30.0,硫黄,30.0,轻粉,1.5,白丁香,41.58943965517241
白术,581.2030526011905,黄柏,1279.2662360594795,防风,336.8507284846786,独活,39.46852728351127
猪苓,2750.2231424825172,泽泻,4820.977333449782,白术,581.2030526011905,赤苓,1986.3698282786886,肉桂,43.55604937509526,五加皮,44.99641970021413,厚朴,845.3039136349054,陈皮,197.82334370588237,甘草,354.23781785240715,桑白皮,1772.2857182320442,防风,336.8507284846786,藁本,53.527722613636364,川羌,673.6419821333334,人参,238.61331706462494
公丁香,0.3125,人参,0.3125,白茅根,15.625,麦冬,15.625,陈皮,0.3125,甘草,0.3125
黄芪,15.625,赤芍,15.625,麦冬,31.25,人参,15.625,柴胡,0.9375,胡连,15.625,鳖甲,31.25,炙令黄,29.51388888888889,甘草,15.625
海螵蛸,0.9375,白芨,0.9375,轻粉,0.3125
红屯,30.0,柴胡,9.0,枳壳,9.0,白芍,15.0,甘草,9.0,川楝子,15.0,乳香,15.0,制没药,9.0
棕榈,10.0,莲房,10.0,生地,15.0,炒丹皮,10.0,当归,10.0,炒芍药,10.0,炒地榆,15.0,炒黄芩,8.0,炒蒲黄,12.0
桑叶,30.0,菊花,15.0,蝉蜕,15.0,僵蚕,15.0,地龙,15.0,天麻,12.0,半夏,12.0,川芎,15.0,白附子,6.0,川羌,15.0,白芍,18.0,全蝎,6.0,甘草,6.0
升麻,24.271690340030915,葛根,2264.475711412396,赤芍,2378.9096429025694,甘草,354.23781785240715,桔梗,995.6308122465315,柴胡,3239.1224583879557,防风,336.8507284846786,荆芥,35.38129737609329,连翘,2302.4199358828873,苦地丁,208.173125,川木通,1718.3844664931685,麦冬,3452.435010630408
白矾,15.625,黑矾,15.625,诃子,32.59755509641873,枳壳,15.625,白附子,23.02332264542936,天南星,15.625,半夏,9.375,瓜蒌,9.375,刺猬皮,35.78894927536232,胡桃仁,76.92073170731707,鸡冠花,9.375
茯苓,1.5625,黄芪,1.5625,当归,1.5625,川芎,1.5625,白芍,1.5625,白芷,1.5625,升麻,0.625,栀子,0.625
麝香,1.5625,川芎,1.5625,川羌,1.5625,天麻,1.5625,当归,1.5625,胆酿南星,1.5625,半夏,1952.4845006093487,蝎蛸,4.6875,僵蚕,4.6875,朱砂,4.6875
黄柏,0.0,龟板,0.0,知母,0.0,熟地,0.0,虎骨,0.0,陈皮,0.0,白芍,0.0,锁阳,0.0,干姜,0.0
何首乌,3884.75083819242,当归,10987.001312767188,五加皮,44.99641970021413,骨碎补,14836.73074925816,生地,3091.7748686596155,青皮,50.8602246,杜仲,58.80122855967078,远志,18967.668103070482,甘草,354.23781785240715,附子,640.5341432562902,姜制,100.33564814814815,巴戟天,2158.951792963464,酸枣仁,2183.2214788732394,琐阳,59.88636363636363,紫梢花,15.625,枸杞子,31.25,槐角,31.25,蒺藜,3327.9756640625,肉苁蓉,7068.094698206278,蛇床子,1704.2703955595027,牛膝,3405.7403699907663,大青盐,62.5,金樱子,18.75,破故子,18.75
半夏,1952.4845006093487,巴豆,43.787434360730586,当归,10987.001312767188,乳香,34.097240675990676,没药,40.43479255319149,硼砂,1317.6962683150182,血竭,59.505707013574664,土元,6902.047185430463
樟丹,15.0,铅粉,15.0,天花粉,75.0,甘草,75.0,泽泻,37.5,石膏,37.5,赤石脂,37.5,白石脂,37.5
姜黄,12.0,栀子,12.0,大黄,12.0,蒺藜,12.0,穿山甲,10.0,冰片,5.0
海螵蛸,50.0,浙贝,50.0,生甘草,50.0,乳香,30.0,没药,30.0,三七,30.0
羚羊角屑,46.875,防风,46.875,麻黄,46.875,人参,46.875,柏子仁,46.875,诃黎勒皮,46.875,白槟榔,62.5,熟干地黄,62.5,火麻仁,62.5,川羌,62.5,茯神,62.5,肉桂,62.5,芎?,62.5,枳壳,62.5,杏仁,31.25
生代赭石,45.0,夏枯草,18.0,半夏,18.0,车前草,18.0
蜂蜡,125.0,银朱,25.0
蚌粉,38.40625,青黛,9783.004481622747
人参,30.0,茯苓,30.0,白芥子,9.0,石菖蒲,3.0,神曲,9.0,半夏,6.0,天南星,6.0,黄连,3.0,甘草,3.0,枳壳,1.5
